file,line,type,commit,author,date,time,timezone,datetime,depth,length
style.css,1,css,88040a64,Sahra,2025-10-21,17:41:26,-07:00,2025-10-21T17:41:26-07:00,0,26
style.css,2,css,92f4087a,Sahra,2025-10-27,17:04:12,-07:00,2025-10-27T17:04:12-07:00,1,2
style.css,3,css,88040a64,Sahra,2025-10-21,17:41:26,-07:00,2025-10-21T17:41:26-07:00,1,26
style.css,4,css,92f4087a,Sahra,2025-10-27,17:04:12,-07:00,2025-10-27T17:04:12-07:00,1,32
style.css,5,css,92f4087a,Sahra,2025-10-27,17:04:12,-07:00,2025-10-27T17:04:12-07:00,1,51
style.css,6,css,92f4087a,Sahra,2025-10-27,17:04:12,-07:00,2025-10-27T17:04:12-07:00,1,32
style.css,7,css,92f4087a,Sahra,2025-10-27,17:04:12,-07:00,2025-10-27T17:04:12-07:00,1,0
style.css,8,css,92f4087a,Sahra,2025-10-27,17:04:12,-07:00,2025-10-27T17:04:12-07:00,1,4
style.css,9,css,92f4087a,Sahra,2025-10-27,17:04:12,-07:00,2025-10-27T17:04:12-07:00,2,22
style.css,10,css,92f4087a,Sahra,2025-10-27,17:04:12,-07:00,2025-10-27T17:04:12-07:00,2,55
style.css,11,css,92f4087a,Sahra,2025-10-27,17:04:12,-07:00,2025-10-27T17:04:12-07:00,2,54
style.css,12,css,92f4087a,Sahra,2025-10-27,17:04:12,-07:00,2025-10-27T17:04:12-07:00,1,0
style.css,13,css,92f4087a,Sahra,2025-10-27,17:04:12,-07:00,2025-10-27T17:04:12-07:00,1,0
style.css,14,css,92f4087a,Sahra,2025-10-27,17:04:12,-07:00,2025-10-27T17:04:12-07:00,1,52
style.css,15,css,92f4087a,Sahra,2025-10-27,17:04:12,-07:00,2025-10-27T17:04:12-07:00,1,0
style.css,16,css,92f4087a,Sahra,2025-10-27,17:04:12,-07:00,2025-10-27T17:04:12-07:00,1,13
style.css,17,css,92f4087a,Sahra,2025-10-27,17:04:12,-07:00,2025-10-27T17:04:12-07:00,1,9
style.css,18,css,92f4087a,Sahra,2025-10-27,17:04:12,-07:00,2025-10-27T17:04:12-07:00,2,44
style.css,19,css,92f4087a,Sahra,2025-10-27,17:04:12,-07:00,2025-10-27T17:04:12-07:00,2,18
style.css,20,css,92f4087a,Sahra,2025-10-27,17:04:12,-07:00,2025-10-27T17:04:12-07:00,2,15
style.css,21,css,92f4087a,Sahra,2025-10-27,17:04:12,-07:00,2025-10-27T17:04:12-07:00,1,0
style.css,22,css,92f4087a,Sahra,2025-10-27,17:04:12,-07:00,2025-10-27T17:04:12-07:00,1,0
style.css,23,css,92f4087a,Sahra,2025-10-27,17:04:12,-07:00,2025-10-27T17:04:12-07:00,1,8
style.css,24,css,92f4087a,Sahra,2025-10-27,17:04:12,-07:00,2025-10-27T17:04:12-07:00,1,69
style.css,25,css,92f4087a,Sahra,2025-10-27,17:04:12,-07:00,2025-10-27T17:04:12-07:00,1,23
style.css,26,css,92f4087a,Sahra,2025-10-27,17:04:12,-07:00,2025-10-27T17:04:12-07:00,1,0
style.css,27,css,61f9d364,Sahra,2025-10-28,11:15:29,-07:00,2025-10-28T11:15:29-07:00,1,26
style.css,28,css,61f9d364,Sahra,2025-10-28,11:15:29,-07:00,2025-10-28T11:15:29-07:00,3,13
style.css,29,css,61f9d364,Sahra,2025-10-28,11:15:29,-07:00,2025-10-28T11:15:29-07:00,3,26
style.css,30,css,92f4087a,Sahra,2025-10-27,17:04:12,-07:00,2025-10-27T17:04:12-07:00,1,2
style.css,31,css,92f4087a,Sahra,2025-10-27,17:04:12,-07:00,2025-10-27T17:04:12-07:00,2,11
style.css,32,css,92f4087a,Sahra,2025-10-27,17:04:12,-07:00,2025-10-27T17:04:12-07:00,2,21
style.css,33,css,92f4087a,Sahra,2025-10-27,17:04:12,-07:00,2025-10-27T17:04:12-07:00,2,7
style.css,34,css,92f4087a,Sahra,2025-10-27,17:04:12,-07:00,2025-10-27T17:04:12-07:00,2,17
style.css,35,css,92f4087a,Sahra,2025-10-27,17:04:12,-07:00,2025-10-27T17:04:12-07:00,2,47
style.css,36,css,92f4087a,Sahra,2025-10-27,17:04:12,-07:00,2025-10-27T17:04:12-07:00,1,0
style.css,37,css,92f4087a,Sahra,2025-10-27,17:04:12,-07:00,2025-10-27T17:04:12-07:00,1,4
style.css,38,css,92f4087a,Sahra,2025-10-27,17:04:12,-07:00,2025-10-27T17:04:12-07:00,2,19
style.css,39,css,92f4087a,Sahra,2025-10-27,17:04:12,-07:00,2025-10-27T17:04:12-07:00,2,12
style.css,40,css,92f4087a,Sahra,2025-10-27,17:04:12,-07:00,2025-10-27T17:04:12-07:00,2,11
style.css,41,css,92f4087a,Sahra,2025-10-27,17:04:12,-07:00,2025-10-27T17:04:12-07:00,2,16
style.css,42,css,92f4087a,Sahra,2025-10-27,17:04:12,-07:00,2025-10-27T17:04:12-07:00,1,0
style.css,43,css,92f4087a,Sahra,2025-10-27,17:04:12,-07:00,2025-10-27T17:04:12-07:00,1,10
style.css,44,css,92f4087a,Sahra,2025-10-27,17:04:12,-07:00,2025-10-27T17:04:12-07:00,2,63
style.css,45,css,92f4087a,Sahra,2025-10-27,17:04:12,-07:00,2025-10-27T17:04:12-07:00,2,44
style.css,46,css,92f4087a,Sahra,2025-10-27,17:04:12,-07:00,2025-10-27T17:04:12-07:00,1,0
style.css,47,css,92f4087a,Sahra,2025-10-27,17:04:12,-07:00,2025-10-27T17:04:12-07:00,1,12
style.css,48,css,92f4087a,Sahra,2025-10-27,17:04:12,-07:00,2025-10-27T17:04:12-07:00,2,14
style.css,49,css,92f4087a,Sahra,2025-10-27,17:04:12,-07:00,2025-10-27T17:04:12-07:00,2,43
style.css,50,css,92f4087a,Sahra,2025-10-27,17:04:12,-07:00,2025-10-27T17:04:12-07:00,2,18
style.css,51,css,92f4087a,Sahra,2025-10-27,17:04:12,-07:00,2025-10-27T17:04:12-07:00,1,0
style.css,52,css,92f4087a,Sahra,2025-10-27,17:04:12,-07:00,2025-10-27T17:04:12-07:00,1,0
style.css,53,css,61f9d364,Sahra,2025-10-28,11:15:29,-07:00,2025-10-28T11:15:29-07:00,1,26
style.css,54,css,61f9d364,Sahra,2025-10-28,11:15:29,-07:00,2025-10-28T11:15:29-07:00,3,15
style.css,55,css,61f9d364,Sahra,2025-10-28,11:15:29,-07:00,2025-10-28T11:15:29-07:00,3,26
style.css,56,css,92f4087a,Sahra,2025-10-27,17:04:12,-07:00,2025-10-27T17:04:12-07:00,1,22
style.css,57,css,92f4087a,Sahra,2025-10-27,17:04:12,-07:00,2025-10-27T17:04:12-07:00,2,11
style.css,58,css,92f4087a,Sahra,2025-10-27,17:04:12,-07:00,2025-10-27T17:04:12-07:00,2,12
style.css,59,css,92f4087a,Sahra,2025-10-27,17:04:12,-07:00,2025-10-27T17:04:12-07:00,2,9
style.css,60,css,92f4087a,Sahra,2025-10-27,17:04:12,-07:00,2025-10-27T17:04:12-07:00,2,20
style.css,61,css,92f4087a,Sahra,2025-10-27,17:04:12,-07:00,2025-10-27T17:04:12-07:00,2,15
style.css,62,css,92f4087a,Sahra,2025-10-27,17:04:12,-07:00,2025-10-27T17:04:12-07:00,2,11
style.css,63,css,92f4087a,Sahra,2025-10-27,17:04:12,-07:00,2025-10-27T17:04:12-07:00,1,0
style.css,64,css,92f4087a,Sahra,2025-10-27,17:04:12,-07:00,2025-10-27T17:04:12-07:00,1,80
style.css,65,css,92f4087a,Sahra,2025-10-27,17:04:12,-07:00,2025-10-27T17:04:12-07:00,1,24
style.css,66,css,92f4087a,Sahra,2025-10-27,17:04:12,-07:00,2025-10-27T17:04:12-07:00,1,27
style.css,67,css,92f4087a,Sahra,2025-10-27,17:04:12,-07:00,2025-10-27T17:04:12-07:00,1,0
style.css,68,css,92f4087a,Sahra,2025-10-27,17:04:12,-07:00,2025-10-27T17:04:12-07:00,1,26
style.css,69,css,aff9b122,Sahra,2025-10-28,11:52:06,-07:00,2025-10-28T11:52:06-07:00,3,21
style.css,70,css,92f4087a,Sahra,2025-10-27,17:04:12,-07:00,2025-10-27T17:04:12-07:00,3,26
style.css,71,css,61f9d364,Sahra,2025-10-28,11:15:29,-07:00,2025-10-28T11:15:29-07:00,1,58
style.css,72,css,61f9d364,Sahra,2025-10-28,11:15:29,-07:00,2025-10-28T11:15:29-07:00,1,65
style.css,73,css,61f9d364,Sahra,2025-10-28,11:15:29,-07:00,2025-10-28T11:15:29-07:00,1,52
style.css,74,css,92f4087a,Sahra,2025-10-27,17:04:12,-07:00,2025-10-27T17:04:12-07:00,1,0
style.css,75,css,92f4087a,Sahra,2025-10-27,17:04:12,-07:00,2025-10-27T17:04:12-07:00,1,28
style.css,76,css,92f4087a,Sahra,2025-10-27,17:04:12,-07:00,2025-10-27T17:04:12-07:00,1,9
style.css,77,css,92f4087a,Sahra,2025-10-27,17:04:12,-07:00,2025-10-27T17:04:12-07:00,2,42
style.css,78,css,92f4087a,Sahra,2025-10-27,17:04:12,-07:00,2025-10-27T17:04:12-07:00,2,20
style.css,79,css,92f4087a,Sahra,2025-10-27,17:04:12,-07:00,2025-10-27T17:04:12-07:00,2,17
style.css,80,css,92f4087a,Sahra,2025-10-27,17:04:12,-07:00,2025-10-27T17:04:12-07:00,2,15
style.css,81,css,92f4087a,Sahra,2025-10-27,17:04:12,-07:00,2025-10-27T17:04:12-07:00,1,0
style.css,82,css,92f4087a,Sahra,2025-10-27,17:04:12,-07:00,2025-10-27T17:04:12-07:00,1,0
style.css,83,css,92f4087a,Sahra,2025-10-27,17:04:12,-07:00,2025-10-27T17:04:12-07:00,1,28
style.css,84,css,92f4087a,Sahra,2025-10-27,17:04:12,-07:00,2025-10-27T17:04:12-07:00,1,56
style.css,85,css,92f4087a,Sahra,2025-10-27,17:04:12,-07:00,2025-10-27T17:04:12-07:00,1,39
style.css,86,css,92f4087a,Sahra,2025-10-27,17:04:12,-07:00,2025-10-27T17:04:12-07:00,1,0
style.css,87,css,92f4087a,Sahra,2025-10-27,17:04:12,-07:00,2025-10-27T17:04:12-07:00,1,31
style.css,88,css,92f4087a,Sahra,2025-10-27,17:04:12,-07:00,2025-10-27T17:04:12-07:00,1,4
style.css,89,css,92f4087a,Sahra,2025-10-27,17:04:12,-07:00,2025-10-27T17:04:12-07:00,2,16
style.css,90,css,92f4087a,Sahra,2025-10-27,17:04:12,-07:00,2025-10-27T17:04:12-07:00,2,15
style.css,91,css,92f4087a,Sahra,2025-10-27,17:04:12,-07:00,2025-10-27T17:04:12-07:00,2,14
style.css,92,css,92f4087a,Sahra,2025-10-27,17:04:12,-07:00,2025-10-27T17:04:12-07:00,2,18
style.css,93,css,92f4087a,Sahra,2025-10-27,17:04:12,-07:00,2025-10-27T17:04:12-07:00,2,18
style.css,94,css,92f4087a,Sahra,2025-10-27,17:04:12,-07:00,2025-10-27T17:04:12-07:00,2,19
style.css,95,css,92f4087a,Sahra,2025-10-27,17:04:12,-07:00,2025-10-27T17:04:12-07:00,1,0
style.css,96,css,92f4087a,Sahra,2025-10-27,17:04:12,-07:00,2025-10-27T17:04:12-07:00,1,0
style.css,97,css,92f4087a,Sahra,2025-10-27,17:04:12,-07:00,2025-10-27T17:04:12-07:00,1,26
style.css,98,css,92f4087a,Sahra,2025-10-27,17:04:12,-07:00,2025-10-27T17:04:12-07:00,3,11
style.css,99,css,92f4087a,Sahra,2025-10-27,17:04:12,-07:00,2025-10-27T17:04:12-07:00,3,26
style.css,100,css,92f4087a,Sahra,2025-10-27,17:04:12,-07:00,2025-10-27T17:04:12-07:00,1,15
style.css,101,css,92f4087a,Sahra,2025-10-27,17:04:12,-07:00,2025-10-27T17:04:12-07:00,2,11
style.css,102,css,aff9b122,Sahra,2025-10-28,11:52:06,-07:00,2025-10-28T11:52:06-07:00,2,59
style.css,103,css,92f4087a,Sahra,2025-10-27,17:04:12,-07:00,2025-10-27T17:04:12-07:00,2,7
style.css,104,css,92f4087a,Sahra,2025-10-27,17:04:12,-07:00,2025-10-27T17:04:12-07:00,2,16
style.css,105,css,92f4087a,Sahra,2025-10-27,17:04:12,-07:00,2025-10-27T17:04:12-07:00,1,0
style.css,106,css,92f4087a,Sahra,2025-10-27,17:04:12,-07:00,2025-10-27T17:04:12-07:00,1,0
style.css,107,css,92f4087a,Sahra,2025-10-27,17:04:12,-07:00,2025-10-27T17:04:12-07:00,1,13
style.css,108,css,92f4087a,Sahra,2025-10-27,17:04:12,-07:00,2025-10-27T17:04:12-07:00,1,13
style.css,109,css,92f4087a,Sahra,2025-10-27,17:04:12,-07:00,2025-10-27T17:04:12-07:00,2,12
style.css,110,css,92f4087a,Sahra,2025-10-27,17:04:12,-07:00,2025-10-27T17:04:12-07:00,2,13
style.css,111,css,92f4087a,Sahra,2025-10-27,17:04:12,-07:00,2025-10-27T17:04:12-07:00,2,10
style.css,112,css,aff9b122,Sahra,2025-10-28,11:52:06,-07:00,2025-10-28T11:52:06-07:00,2,57
style.css,113,css,aff9b122,Sahra,2025-10-28,11:52:06,-07:00,2025-10-28T11:52:06-07:00,2,51
style.css,114,css,92f4087a,Sahra,2025-10-27,17:04:12,-07:00,2025-10-27T17:04:12-07:00,1,0
style.css,115,css,92f4087a,Sahra,2025-10-27,17:04:12,-07:00,2025-10-27T17:04:12-07:00,1,0
style.css,116,css,aff9b122,Sahra,2025-10-28,11:52:06,-07:00,2025-10-28T11:52:06-07:00,1,14
style.css,117,css,92f4087a,Sahra,2025-10-27,17:04:12,-07:00,2025-10-27T17:04:12-07:00,1,13
style.css,118,css,92f4087a,Sahra,2025-10-27,17:04:12,-07:00,2025-10-27T17:04:12-07:00,2,11
style.css,119,css,92f4087a,Sahra,2025-10-27,17:04:12,-07:00,2025-10-27T17:04:12-07:00,2,58
style.css,120,css,92f4087a,Sahra,2025-10-27,17:04:12,-07:00,2025-10-27T17:04:12-07:00,2,10
style.css,121,css,92f4087a,Sahra,2025-10-27,17:04:12,-07:00,2025-10-27T17:04:12-07:00,2,16
style.css,122,css,92f4087a,Sahra,2025-10-27,17:04:12,-07:00,2025-10-27T17:04:12-07:00,1,0
style.css,123,css,92f4087a,Sahra,2025-10-27,17:04:12,-07:00,2025-10-27T17:04:12-07:00,1,0
style.css,124,css,92f4087a,Sahra,2025-10-27,17:04:12,-07:00,2025-10-27T17:04:12-07:00,1,8
style.css,125,css,92f4087a,Sahra,2025-10-27,17:04:12,-07:00,2025-10-27T17:04:12-07:00,1,21
style.css,126,css,92f4087a,Sahra,2025-10-27,17:04:12,-07:00,2025-10-27T17:04:12-07:00,2,26
style.css,127,css,92f4087a,Sahra,2025-10-27,17:04:12,-07:00,2025-10-27T17:04:12-07:00,2,31
style.css,128,css,92f4087a,Sahra,2025-10-27,17:04:12,-07:00,2025-10-27T17:04:12-07:00,2,19
style.css,129,css,92f4087a,Sahra,2025-10-27,17:04:12,-07:00,2025-10-27T17:04:12-07:00,2,11
style.css,130,css,92f4087a,Sahra,2025-10-27,17:04:12,-07:00,2025-10-27T17:04:12-07:00,2,11
style.css,131,css,92f4087a,Sahra,2025-10-27,17:04:12,-07:00,2025-10-27T17:04:12-07:00,2,20
style.css,132,css,92f4087a,Sahra,2025-10-27,17:04:12,-07:00,2025-10-27T17:04:12-07:00,2,9
style.css,133,css,92f4087a,Sahra,2025-10-27,17:04:12,-07:00,2025-10-27T17:04:12-07:00,1,0
style.css,134,css,92f4087a,Sahra,2025-10-27,17:04:12,-07:00,2025-10-27T17:04:12-07:00,1,0
style.css,135,css,aff9b122,Sahra,2025-10-28,11:52:06,-07:00,2025-10-28T11:52:06-07:00,1,24
style.css,136,css,92f4087a,Sahra,2025-10-27,17:04:12,-07:00,2025-10-27T17:04:12-07:00,1,35
style.css,137,css,92f4087a,Sahra,2025-10-27,17:04:12,-07:00,2025-10-27T17:04:12-07:00,2,7
style.css,138,css,92f4087a,Sahra,2025-10-27,17:04:12,-07:00,2025-10-27T17:04:12-07:00,2,19
style.css,139,css,92f4087a,Sahra,2025-10-27,17:04:12,-07:00,2025-10-27T17:04:12-07:00,2,42
style.css,140,css,92f4087a,Sahra,2025-10-27,17:04:12,-07:00,2025-10-27T17:04:12-07:00,1,0
style.css,141,css,92f4087a,Sahra,2025-10-27,17:04:12,-07:00,2025-10-27T17:04:12-07:00,1,0
style.css,142,css,92f4087a,Sahra,2025-10-27,17:04:12,-07:00,2025-10-27T17:04:12-07:00,1,13
style.css,143,css,92f4087a,Sahra,2025-10-27,17:04:12,-07:00,2025-10-27T17:04:12-07:00,1,19
style.css,144,css,92f4087a,Sahra,2025-10-27,17:04:12,-07:00,2025-10-27T17:04:12-07:00,2,7
style.css,145,css,92f4087a,Sahra,2025-10-27,17:04:12,-07:00,2025-10-27T17:04:12-07:00,2,26
style.css,146,css,92f4087a,Sahra,2025-10-27,17:04:12,-07:00,2025-10-27T17:04:12-07:00,2,15
style.css,147,css,92f4087a,Sahra,2025-10-27,17:04:12,-07:00,2025-10-27T17:04:12-07:00,1,0
style.css,148,css,92f4087a,Sahra,2025-10-27,17:04:12,-07:00,2025-10-27T17:04:12-07:00,1,0
style.css,149,css,92f4087a,Sahra,2025-10-27,17:04:12,-07:00,2025-10-27T17:04:12-07:00,1,13
style.css,150,css,92f4087a,Sahra,2025-10-27,17:04:12,-07:00,2025-10-27T17:04:12-07:00,1,17
style.css,151,css,92f4087a,Sahra,2025-10-27,17:04:12,-07:00,2025-10-27T17:04:12-07:00,2,9
style.css,152,css,92f4087a,Sahra,2025-10-27,17:04:12,-07:00,2025-10-27T17:04:12-07:00,2,18
style.css,153,css,92f4087a,Sahra,2025-10-27,17:04:12,-07:00,2025-10-27T17:04:12-07:00,2,15
style.css,154,css,92f4087a,Sahra,2025-10-27,17:04:12,-07:00,2025-10-27T17:04:12-07:00,2,18
style.css,155,css,92f4087a,Sahra,2025-10-27,17:04:12,-07:00,2025-10-27T17:04:12-07:00,2,54
style.css,156,css,92f4087a,Sahra,2025-10-27,17:04:12,-07:00,2025-10-27T17:04:12-07:00,1,0
style.css,157,css,92f4087a,Sahra,2025-10-27,17:04:12,-07:00,2025-10-27T17:04:12-07:00,1,0
style.css,158,css,92f4087a,Sahra,2025-10-27,17:04:12,-07:00,2025-10-27T17:04:12-07:00,1,15
style.css,159,css,92f4087a,Sahra,2025-10-27,17:04:12,-07:00,2025-10-27T17:04:12-07:00,1,31
style.css,160,css,92f4087a,Sahra,2025-10-27,17:04:12,-07:00,2025-10-27T17:04:12-07:00,1,0
style.css,161,css,aff9b122,Sahra,2025-10-28,11:52:06,-07:00,2025-10-28T11:52:06-07:00,1,14
style.css,162,css,92f4087a,Sahra,2025-10-27,17:04:12,-07:00,2025-10-27T17:04:12-07:00,1,24
style.css,163,css,92f4087a,Sahra,2025-10-27,17:04:12,-07:00,2025-10-27T17:04:12-07:00,2,44
style.css,164,css,92f4087a,Sahra,2025-10-27,17:04:12,-07:00,2025-10-27T17:04:12-07:00,2,52
style.css,165,css,92f4087a,Sahra,2025-10-27,17:04:12,-07:00,2025-10-27T17:04:12-07:00,1,0
style.css,166,css,92f4087a,Sahra,2025-10-27,17:04:12,-07:00,2025-10-27T17:04:12-07:00,1,0
style.css,167,css,92f4087a,Sahra,2025-10-27,17:04:12,-07:00,2025-10-27T17:04:12-07:00,1,26
style.css,168,css,aff9b122,Sahra,2025-10-28,11:52:06,-07:00,2025-10-28T11:52:06-07:00,3,7
style.css,169,css,92f4087a,Sahra,2025-10-27,17:04:12,-07:00,2025-10-27T17:04:12-07:00,3,26
style.css,170,css,92f4087a,Sahra,2025-10-27,17:04:12,-07:00,2025-10-27T17:04:12-07:00,1,15
style.css,171,css,92f4087a,Sahra,2025-10-27,17:04:12,-07:00,2025-10-27T17:04:12-07:00,1,18
style.css,172,css,92f4087a,Sahra,2025-10-27,17:04:12,-07:00,2025-10-27T17:04:12-07:00,2,11
style.css,173,css,92f4087a,Sahra,2025-10-27,17:04:12,-07:00,2025-10-27T17:04:12-07:00,2,58
style.css,174,css,92f4087a,Sahra,2025-10-27,17:04:12,-07:00,2025-10-27T17:04:12-07:00,2,10
style.css,175,css,92f4087a,Sahra,2025-10-27,17:04:12,-07:00,2025-10-27T17:04:12-07:00,2,14
style.css,176,css,92f4087a,Sahra,2025-10-27,17:04:12,-07:00,2025-10-27T17:04:12-07:00,1,0
style.css,177,css,92f4087a,Sahra,2025-10-27,17:04:12,-07:00,2025-10-27T17:04:12-07:00,1,23
style.css,178,css,92f4087a,Sahra,2025-10-27,17:04:12,-07:00,2025-10-27T17:04:12-07:00,1,26
style.css,179,css,92f4087a,Sahra,2025-10-27,17:04:12,-07:00,2025-10-27T17:04:12-07:00,2,26
style.css,180,css,92f4087a,Sahra,2025-10-27,17:04:12,-07:00,2025-10-27T17:04:12-07:00,2,31
style.css,181,css,92f4087a,Sahra,2025-10-27,17:04:12,-07:00,2025-10-27T17:04:12-07:00,2,19
style.css,182,css,92f4087a,Sahra,2025-10-27,17:04:12,-07:00,2025-10-27T17:04:12-07:00,2,11
style.css,183,css,92f4087a,Sahra,2025-10-27,17:04:12,-07:00,2025-10-27T17:04:12-07:00,2,11
style.css,184,css,aff9b122,Sahra,2025-10-28,11:52:06,-07:00,2025-10-28T11:52:06-07:00,2,36
style.css,185,css,92f4087a,Sahra,2025-10-27,17:04:12,-07:00,2025-10-27T17:04:12-07:00,2,9
style.css,186,css,92f4087a,Sahra,2025-10-27,17:04:12,-07:00,2025-10-27T17:04:12-07:00,1,0
style.css,187,css,92f4087a,Sahra,2025-10-27,17:04:12,-07:00,2025-10-27T17:04:12-07:00,1,18
style.css,188,css,92f4087a,Sahra,2025-10-27,17:04:12,-07:00,2025-10-27T17:04:12-07:00,1,21
style.css,189,css,92f4087a,Sahra,2025-10-27,17:04:12,-07:00,2025-10-27T17:04:12-07:00,2,7
style.css,190,css,92f4087a,Sahra,2025-10-27,17:04:12,-07:00,2025-10-27T17:04:12-07:00,2,19
style.css,191,css,92f4087a,Sahra,2025-10-27,17:04:12,-07:00,2025-10-27T17:04:12-07:00,2,42
style.css,192,css,92f4087a,Sahra,2025-10-27,17:04:12,-07:00,2025-10-27T17:04:12-07:00,1,0
style.css,193,css,92f4087a,Sahra,2025-10-27,17:04:12,-07:00,2025-10-27T17:04:12-07:00,1,21
style.css,194,css,92f4087a,Sahra,2025-10-27,17:04:12,-07:00,2025-10-27T17:04:12-07:00,1,24
style.css,195,css,92f4087a,Sahra,2025-10-27,17:04:12,-07:00,2025-10-27T17:04:12-07:00,2,7
style.css,196,css,92f4087a,Sahra,2025-10-27,17:04:12,-07:00,2025-10-27T17:04:12-07:00,2,26
style.css,197,css,92f4087a,Sahra,2025-10-27,17:04:12,-07:00,2025-10-27T17:04:12-07:00,2,15
style.css,198,css,92f4087a,Sahra,2025-10-27,17:04:12,-07:00,2025-10-27T17:04:12-07:00,1,0
style.css,199,css,92f4087a,Sahra,2025-10-27,17:04:12,-07:00,2025-10-27T17:04:12-07:00,1,19
style.css,200,css,92f4087a,Sahra,2025-10-27,17:04:12,-07:00,2025-10-27T17:04:12-07:00,1,22
style.css,201,css,92f4087a,Sahra,2025-10-27,17:04:12,-07:00,2025-10-27T17:04:12-07:00,2,9
style.css,202,css,92f4087a,Sahra,2025-10-27,17:04:12,-07:00,2025-10-27T17:04:12-07:00,2,18
style.css,203,css,92f4087a,Sahra,2025-10-27,17:04:12,-07:00,2025-10-27T17:04:12-07:00,2,15
style.css,204,css,92f4087a,Sahra,2025-10-27,17:04:12,-07:00,2025-10-27T17:04:12-07:00,2,18
style.css,205,css,92f4087a,Sahra,2025-10-27,17:04:12,-07:00,2025-10-27T17:04:12-07:00,2,54
style.css,206,css,92f4087a,Sahra,2025-10-27,17:04:12,-07:00,2025-10-27T17:04:12-07:00,1,0
style.css,207,css,92f4087a,Sahra,2025-10-27,17:04:12,-07:00,2025-10-27T17:04:12-07:00,1,0
style.css,208,css,61f9d364,Sahra,2025-10-28,11:15:29,-07:00,2025-10-28T11:15:29-07:00,1,26
style.css,209,css,aff9b122,Sahra,2025-10-28,11:52:06,-07:00,2025-10-28T11:52:06-07:00,3,13
style.css,210,css,61f9d364,Sahra,2025-10-28,11:15:29,-07:00,2025-10-28T11:15:29-07:00,3,26
style.css,211,css,aff9b122,Sahra,2025-10-28,11:52:06,-07:00,2025-10-28T11:52:06-07:00,1,6
style.css,212,css,aff9b122,Sahra,2025-10-28,11:52:06,-07:00,2025-10-28T11:52:06-07:00,2,11
style.css,213,css,aff9b122,Sahra,2025-10-28,11:52:06,-07:00,2025-10-28T11:52:06-07:00,2,13
style.css,214,css,aff9b122,Sahra,2025-10-28,11:52:06,-07:00,2025-10-28T11:52:06-07:00,2,16
style.css,215,css,aff9b122,Sahra,2025-10-28,11:52:06,-07:00,2025-10-28T11:52:06-07:00,2,14
style.css,216,css,aff9b122,Sahra,2025-10-28,11:52:06,-07:00,2025-10-28T11:52:06-07:00,2,18
style.css,217,css,aff9b122,Sahra,2025-10-28,11:52:06,-07:00,2025-10-28T11:52:06-07:00,2,31
style.css,218,css,aff9b122,Sahra,2025-10-28,11:52:06,-07:00,2025-10-28T11:52:06-07:00,2,18
style.css,219,css,aff9b122,Sahra,2025-10-28,11:52:06,-07:00,2025-10-28T11:52:06-07:00,2,26
style.css,220,css,61f9d364,Sahra,2025-10-28,11:15:29,-07:00,2025-10-28T11:15:29-07:00,1,0
style.css,221,css,aff9b122,Sahra,2025-10-28,11:52:06,-07:00,2025-10-28T11:52:06-07:00,1,9
style.css,222,css,aff9b122,Sahra,2025-10-28,11:52:06,-07:00,2025-10-28T11:52:06-07:00,2,11
style.css,223,css,aff9b122,Sahra,2025-10-28,11:52:06,-07:00,2025-10-28T11:52:06-07:00,2,17
style.css,224,css,aff9b122,Sahra,2025-10-28,11:52:06,-07:00,2025-10-28T11:52:06-07:00,2,8
style.css,225,css,aff9b122,Sahra,2025-10-28,11:52:06,-07:00,2025-10-28T11:52:06-07:00,2,7
style.css,226,css,aff9b122,Sahra,2025-10-28,11:52:06,-07:00,2025-10-28T11:52:06-07:00,2,8
style.css,227,css,aff9b122,Sahra,2025-10-28,11:52:06,-07:00,2025-10-28T11:52:06-07:00,2,21
style.css,228,css,61f9d364,Sahra,2025-10-28,11:15:29,-07:00,2025-10-28T11:15:29-07:00,1,0
style.css,229,css,aff9b122,Sahra,2025-10-28,11:52:06,-07:00,2025-10-28T11:52:06-07:00,1,14
style.css,230,css,aff9b122,Sahra,2025-10-28,11:52:06,-07:00,2025-10-28T11:52:06-07:00,2,9
style.css,231,css,aff9b122,Sahra,2025-10-28,11:52:06,-07:00,2025-10-28T11:52:06-07:00,2,10
style.css,232,css,aff9b122,Sahra,2025-10-28,11:52:06,-07:00,2025-10-28T11:52:06-07:00,2,19
style.css,233,css,aff9b122,Sahra,2025-10-28,11:52:06,-07:00,2025-10-28T11:52:06-07:00,2,31
style.css,234,css,aff9b122,Sahra,2025-10-28,11:52:06,-07:00,2025-10-28T11:52:06-07:00,2,22
style.css,235,css,61f9d364,Sahra,2025-10-28,11:15:29,-07:00,2025-10-28T11:15:29-07:00,1,0
style.css,236,css,aff9b122,Sahra,2025-10-28,11:52:06,-07:00,2025-10-28T11:52:06-07:00,1,59
style.css,237,css,61f9d364,Sahra,2025-10-28,11:15:29,-07:00,2025-10-28T11:15:29-07:00,1,0
style.css,238,css,61f9d364,Sahra,2025-10-28,11:15:29,-07:00,2025-10-28T11:15:29-07:00,1,26
style.css,239,css,aff9b122,Sahra,2025-10-28,11:52:06,-07:00,2025-10-28T11:52:06-07:00,3,13
style.css,240,css,61f9d364,Sahra,2025-10-28,11:15:29,-07:00,2025-10-28T11:15:29-07:00,3,26
style.css,241,css,61f9d364,Sahra,2025-10-28,11:15:29,-07:00,2025-10-28T11:15:29-07:00,1,9
style.css,242,css,61f9d364,Sahra,2025-10-28,11:15:29,-07:00,2025-10-28T11:15:29-07:00,2,12
style.css,243,css,61f9d364,Sahra,2025-10-28,11:15:29,-07:00,2025-10-28T11:15:29-07:00,2,9
style.css,244,css,61f9d364,Sahra,2025-10-28,11:15:29,-07:00,2025-10-28T11:15:29-07:00,2,14
style.css,245,css,61f9d364,Sahra,2025-10-28,11:15:29,-07:00,2025-10-28T11:15:29-07:00,2,14
style.css,246,css,61f9d364,Sahra,2025-10-28,11:15:29,-07:00,2025-10-28T11:15:29-07:00,2,19
style.css,247,css,61f9d364,Sahra,2025-10-28,11:15:29,-07:00,2025-10-28T11:15:29-07:00,2,13
style.css,248,css,61f9d364,Sahra,2025-10-28,11:15:29,-07:00,2025-10-28T11:15:29-07:00,2,31
style.css,249,css,61f9d364,Sahra,2025-10-28,11:15:29,-07:00,2025-10-28T11:15:29-07:00,2,18
style.css,250,css,aff9b122,Sahra,2025-10-28,11:52:06,-07:00,2025-10-28T11:52:06-07:00,2,16
style.css,251,css,aff9b122,Sahra,2025-10-28,11:52:06,-07:00,2025-10-28T11:52:06-07:00,2,15
style.css,252,css,61f9d364,Sahra,2025-10-28,11:15:29,-07:00,2025-10-28T11:15:29-07:00,1,0
style.css,253,css,61f9d364,Sahra,2025-10-28,11:15:29,-07:00,2025-10-28T11:15:29-07:00,1,76
style.css,254,css,61f9d364,Sahra,2025-10-28,11:15:29,-07:00,2025-10-28T11:15:29-07:00,1,0
style.css,255,css,61f9d364,Sahra,2025-10-28,11:15:29,-07:00,2025-10-28T11:15:29-07:00,1,26
style.css,256,css,61f9d364,Sahra,2025-10-28,11:15:29,-07:00,2025-10-28T11:15:29-07:00,3,23
style.css,257,css,61f9d364,Sahra,2025-10-28,11:15:29,-07:00,2025-10-28T11:15:29-07:00,3,26
style.css,258,css,61f9d364,Sahra,2025-10-28,11:15:29,-07:00,2025-10-28T11:15:29-07:00,1,32
style.css,259,css,aff9b122,Sahra,2025-10-28,11:52:06,-07:00,2025-10-28T11:52:06-07:00,1,38
style.css,260,css,61f9d364,Sahra,2025-10-28,11:15:29,-07:00,2025-10-28T11:15:29-07:00,1,27
style.css,261,css,aff9b122,Sahra,2025-10-28,11:52:06,-07:00,2025-10-28T11:52:06-07:00,1,60
style.css,262,css,aff9b122,Sahra,2025-10-28,11:52:06,-07:00,2025-10-28T11:52:06-07:00,1,56
style.css,263,css,aff9b122,Sahra,2025-10-28,11:52:06,-07:00,2025-10-28T11:52:06-07:00,1,49
style.css,264,css,61f9d364,Sahra,2025-10-28,11:15:29,-07:00,2025-10-28T11:15:29-07:00,1,35
style.css,265,css,aff9b122,Sahra,2025-10-28,11:52:06,-07:00,2025-10-28T11:52:06-07:00,1,36
style.css,266,css,aff9b122,Sahra,2025-10-28,11:52:06,-07:00,2025-10-28T11:52:06-07:00,1,49
style.css,267,css,aff9b122,Sahra,2025-10-28,11:52:06,-07:00,2025-10-28T11:52:06-07:00,1,44
style.css,268,css,aff9b122,Sahra,2025-10-28,11:52:06,-07:00,2025-10-28T11:52:06-07:00,1,53
index.js,1,js,24a134f8,Sahra,2025-10-21,15:59:59,-07:00,2025-10-21T15:59:59-07:00,0,81
index.js,2,js,be7b315b,Sahra,2025-10-21,14:37:16,-07:00,2025-10-21T14:37:16-07:00,0,0
index.js,3,js,be7b315b,Sahra,2025-10-21,14:37:16,-07:00,2025-10-21T14:37:16-07:00,0,22
index.js,4,js,6d82014f,Sahra,2025-10-21,15:38:22,-07:00,2025-10-21T15:38:22-07:00,0,63
index.js,5,js,be7b315b,Sahra,2025-10-21,14:37:16,-07:00,2025-10-21T14:37:16-07:00,0,0
index.js,6,js,be7b315b,Sahra,2025-10-21,14:37:16,-07:00,2025-10-21T14:37:16-07:00,0,25
index.js,7,js,be7b315b,Sahra,2025-10-21,14:37:16,-07:00,2025-10-21T14:37:16-07:00,0,42
index.js,8,js,be7b315b,Sahra,2025-10-21,14:37:16,-07:00,2025-10-21T14:37:16-07:00,0,0
index.js,9,js,be7b315b,Sahra,2025-10-21,14:37:16,-07:00,2025-10-21T14:37:16-07:00,0,40
index.js,10,js,be7b315b,Sahra,2025-10-21,14:37:16,-07:00,2025-10-21T14:37:16-07:00,0,60
index.js,11,js,be7b315b,Sahra,2025-10-21,14:37:16,-07:00,2025-10-21T14:37:16-07:00,0,0
index.js,12,js,be7b315b,Sahra,2025-10-21,14:37:16,-07:00,2025-10-21T14:37:16-07:00,0,15
index.js,13,js,cd6d47c5,Sahra,2025-10-21,15:24:42,-07:00,2025-10-21T15:24:42-07:00,0,54
index.js,14,js,cd6d47c5,Sahra,2025-10-21,15:24:42,-07:00,2025-10-21T15:24:42-07:00,0,0
index.js,15,js,cd6d47c5,Sahra,2025-10-21,15:24:42,-07:00,2025-10-21T15:24:42-07:00,0,21
index.js,16,js,cd6d47c5,Sahra,2025-10-21,15:24:42,-07:00,2025-10-21T15:24:42-07:00,0,43
index.js,17,js,cd6d47c5,Sahra,2025-10-21,15:24:42,-07:00,2025-10-21T15:24:42-07:00,0,49
index.js,18,js,cd6d47c5,Sahra,2025-10-21,15:24:42,-07:00,2025-10-21T15:24:42-07:00,0,52
index.js,19,js,cd6d47c5,Sahra,2025-10-21,15:24:42,-07:00,2025-10-21T15:24:42-07:00,0,0
index.js,20,js,cd6d47c5,Sahra,2025-10-21,15:24:42,-07:00,2025-10-21T15:24:42-07:00,0,30
index.js,21,js,cd6d47c5,Sahra,2025-10-21,15:24:42,-07:00,2025-10-21T15:24:42-07:00,0,60
index.js,22,js,cd6d47c5,Sahra,2025-10-21,15:24:42,-07:00,2025-10-21T15:24:42-07:00,0,0
index.js,23,js,cd6d47c5,Sahra,2025-10-21,15:24:42,-07:00,2025-10-21T15:24:42-07:00,0,47
index.js,24,js,cd6d47c5,Sahra,2025-10-21,15:24:42,-07:00,2025-10-21T15:24:42-07:00,0,31
index.js,25,js,cd6d47c5,Sahra,2025-10-21,15:24:42,-07:00,2025-10-21T15:24:42-07:00,1,24
index.js,26,js,cd6d47c5,Sahra,2025-10-21,15:24:42,-07:00,2025-10-21T15:24:42-07:00,2,2
index.js,27,js,cd6d47c5,Sahra,2025-10-21,15:24:42,-07:00,2025-10-21T15:24:42-07:00,3,55
index.js,28,js,cd6d47c5,Sahra,2025-10-21,15:24:42,-07:00,2025-10-21T15:24:42-07:00,3,55
index.js,29,js,cd6d47c5,Sahra,2025-10-21,15:24:42,-07:00,2025-10-21T15:24:42-07:00,3,49
index.js,30,js,cd6d47c5,Sahra,2025-10-21,15:24:42,-07:00,2025-10-21T15:24:42-07:00,3,49
index.js,31,js,cd6d47c5,Sahra,2025-10-21,15:24:42,-07:00,2025-10-21T15:24:42-07:00,2,3
index.js,32,js,cd6d47c5,Sahra,2025-10-21,15:24:42,-07:00,2025-10-21T15:24:42-07:00,1,0
index.js,33,js,cd6d47c5,Sahra,2025-10-21,15:24:42,-07:00,2025-10-21T15:24:42-07:00,0,0
index.html,1,html,e4febe8b,Sahra,2025-10-06,15:47:13,-07:00,2025-10-06T15:47:13-07:00,0,13
index.html,2,html,e4febe8b,Sahra,2025-10-06,15:47:13,-07:00,2025-10-06T15:47:13-07:00,0,14
index.html,3,html,e4febe8b,Sahra,2025-10-06,15:47:13,-07:00,2025-10-06T15:47:13-07:00,0,4
index.html,4,html,cd6d47c5,Sahra,2025-10-21,15:24:42,-07:00,2025-10-21T15:24:42-07:00,1,22
index.html,5,html,cd6d47c5,Sahra,2025-10-21,15:24:42,-07:00,2025-10-21T15:24:42-07:00,1,70
index.html,6,html,cd6d47c5,Sahra,2025-10-21,15:24:42,-07:00,2025-10-21T15:24:42-07:00,1,55
index.html,7,html,3629e0d8,Sahra,2025-10-21,16:37:59,-07:00,2025-10-21T16:37:59-07:00,1,53
index.html,8,html,e4febe8b,Sahra,2025-10-06,15:47:13,-07:00,2025-10-06T15:47:13-07:00,0,5
index.html,9,html,e4febe8b,Sahra,2025-10-06,15:47:13,-07:00,2025-10-06T15:47:13-07:00,0,4
index.html,10,html,cd6d47c5,Sahra,2025-10-21,15:24:42,-07:00,2025-10-21T15:24:42-07:00,1,22
index.html,11,html,e6ba4404,Sahra,2025-10-08,13:50:09,-07:00,2025-10-08T13:50:09-07:00,2,20
index.html,12,html,e6ba4404,Sahra,2025-10-08,13:50:09,-07:00,2025-10-08T13:50:09-07:00,2,43
index.html,13,html,cd6d47c5,Sahra,2025-10-21,15:24:42,-07:00,2025-10-21T15:24:42-07:00,2,45
index.html,14,html,cd6d47c5,Sahra,2025-10-21,15:24:42,-07:00,2025-10-21T15:24:42-07:00,0,0
index.html,15,html,be7b315b,Sahra,2025-10-21,14:37:16,-07:00,2025-10-21T14:37:16-07:00,2,22
index.html,16,html,92f4087a,Sahra,2025-10-27,17:04:12,-07:00,2025-10-27T17:04:12-07:00,2,59
index.html,17,html,92f4087a,Sahra,2025-10-27,17:04:12,-07:00,2025-10-27T17:04:12-07:00,2,64
index.html,18,html,92f4087a,Sahra,2025-10-27,17:04:12,-07:00,2025-10-27T17:04:12-07:00,3,27
index.html,19,html,cd6d47c5,Sahra,2025-10-21,15:24:42,-07:00,2025-10-21T15:24:42-07:00,2,8
index.html,20,html,cd6d47c5,Sahra,2025-10-21,15:24:42,-07:00,2025-10-21T15:24:42-07:00,0,0
index.html,21,html,cd6d47c5,Sahra,2025-10-21,15:24:42,-07:00,2025-10-21T15:24:42-07:00,2,22
index.html,22,html,cd6d47c5,Sahra,2025-10-21,15:24:42,-07:00,2025-10-21T15:24:42-07:00,2,22
index.html,23,html,cd6d47c5,Sahra,2025-10-21,15:24:42,-07:00,2025-10-21T15:24:42-07:00,3,41
index.html,24,html,be7b315b,Sahra,2025-10-21,14:37:16,-07:00,2025-10-21T14:37:16-07:00,2,4
index.html,25,html,e6ba4404,Sahra,2025-10-08,13:50:09,-07:00,2025-10-08T13:50:09-07:00,1,5
index.html,26,html,cd6d47c5,Sahra,2025-10-21,15:24:42,-07:00,2025-10-21T15:24:42-07:00,0,0
index.html,27,html,cd6d47c5,Sahra,2025-10-21,15:24:42,-07:00,2025-10-21T15:24:42-07:00,1,45
index.html,28,html,be7b315b,Sahra,2025-10-21,14:37:16,-07:00,2025-10-21T14:37:16-07:00,1,50
index.html,29,html,29d26ded,Sahra,2025-10-06,18:08:31,-07:00,2025-10-06T18:08:31-07:00,0,5
index.html,30,html,e4febe8b,Sahra,2025-10-06,15:47:13,-07:00,2025-10-06T15:47:13-07:00,0,5
global.js,1,js,b815d651,Sahra,2025-10-14,14:16:13,-07:00,2025-10-14T14:16:13-07:00,0,25
global.js,2,js,b815d651,Sahra,2025-10-14,14:16:13,-07:00,2025-10-14T14:16:13-07:00,0,0
global.js,3,js,4cc66596,Sahra,2025-10-21,17:46:49,-07:00,2025-10-21T17:46:49-07:00,0,7
global.js,4,js,b815d651,Sahra,2025-10-14,14:16:13,-07:00,2025-10-14T14:16:13-07:00,0,41
global.js,5,js,b815d651,Sahra,2025-10-14,14:16:13,-07:00,2025-10-14T14:16:13-07:00,1,52
global.js,6,js,b815d651,Sahra,2025-10-14,14:16:13,-07:00,2025-10-14T14:16:13-07:00,0,0
global.js,7,js,b815d651,Sahra,2025-10-14,14:16:13,-07:00,2025-10-14T14:16:13-07:00,0,0
global.js,8,js,4cc66596,Sahra,2025-10-21,17:46:49,-07:00,2025-10-21T17:46:49-07:00,0,65
global.js,9,js,b815d651,Sahra,2025-10-14,14:16:13,-07:00,2025-10-14T14:16:13-07:00,0,15
global.js,10,js,b815d651,Sahra,2025-10-14,14:16:13,-07:00,2025-10-14T14:16:13-07:00,1,68
global.js,11,js,4cc66596,Sahra,2025-10-21,17:46:49,-07:00,2025-10-21T17:46:49-07:00,2,3
global.js,12,js,4cc66596,Sahra,2025-10-21,17:46:49,-07:00,2025-10-21T17:46:49-07:00,2,14
global.js,13,js,b815d651,Sahra,2025-10-14,14:16:13,-07:00,2025-10-14T14:16:13-07:00,0,0
global.js,14,js,4cc66596,Sahra,2025-10-21,17:46:49,-07:00,2025-10-21T17:46:49-07:00,0,41
global.js,15,js,b815d651,Sahra,2025-10-14,14:16:13,-07:00,2025-10-14T14:16:13-07:00,0,13
global.js,16,js,4cc66596,Sahra,2025-10-21,17:46:49,-07:00,2025-10-21T17:46:49-07:00,1,35
global.js,17,js,4cc66596,Sahra,2025-10-21,17:46:49,-07:00,2025-10-21T17:46:49-07:00,1,39
global.js,18,js,4cc66596,Sahra,2025-10-21,17:46:49,-07:00,2025-10-21T17:46:49-07:00,1,38
global.js,19,js,4cc66596,Sahra,2025-10-21,17:46:49,-07:00,2025-10-21T17:46:49-07:00,1,37
global.js,20,js,b815d651,Sahra,2025-10-14,14:16:13,-07:00,2025-10-14T14:16:13-07:00,1,78
global.js,21,js,b815d651,Sahra,2025-10-14,14:16:13,-07:00,2025-10-14T14:16:13-07:00,0,0
global.js,22,js,b815d651,Sahra,2025-10-14,14:16:13,-07:00,2025-10-14T14:16:13-07:00,0,0
global.js,23,js,b815d651,Sahra,2025-10-14,14:16:13,-07:00,2025-10-14T14:16:13-07:00,0,70
global.js,24,js,4cc66596,Sahra,2025-10-21,17:46:49,-07:00,2025-10-21T17:46:49-07:00,0,42
global.js,25,js,b815d651,Sahra,2025-10-14,14:16:13,-07:00,2025-10-14T14:16:13-07:00,0,17
global.js,26,js,b815d651,Sahra,2025-10-14,14:16:13,-07:00,2025-10-14T14:16:13-07:00,0,0
global.js,27,js,b815d651,Sahra,2025-10-14,14:16:13,-07:00,2025-10-14T14:16:13-07:00,0,53
global.js,28,js,b815d651,Sahra,2025-10-14,14:16:13,-07:00,2025-10-14T14:16:13-07:00,0,0
global.js,29,js,b815d651,Sahra,2025-10-14,14:16:13,-07:00,2025-10-14T14:16:13-07:00,0,45
global.js,30,js,b815d651,Sahra,2025-10-14,14:16:13,-07:00,2025-10-14T14:16:13-07:00,1,58
global.js,31,js,b815d651,Sahra,2025-10-14,14:16:13,-07:00,2025-10-14T14:16:13-07:00,1,36
global.js,32,js,b815d651,Sahra,2025-10-14,14:16:13,-07:00,2025-10-14T14:16:13-07:00,1,12
global.js,33,js,b815d651,Sahra,2025-10-14,14:16:13,-07:00,2025-10-14T14:16:13-07:00,1,20
global.js,34,js,4cc66596,Sahra,2025-10-21,17:46:49,-07:00,2025-10-21T17:46:49-07:00,1,56
global.js,35,js,b815d651,Sahra,2025-10-14,14:16:13,-07:00,2025-10-14T14:16:13-07:00,1,44
global.js,36,js,b815d651,Sahra,2025-10-14,14:16:13,-07:00,2025-10-14T14:16:13-07:00,1,45
global.js,37,js,b815d651,Sahra,2025-10-14,14:16:13,-07:00,2025-10-14T14:16:13-07:00,3,48
global.js,38,js,b815d651,Sahra,2025-10-14,14:16:13,-07:00,2025-10-14T14:16:13-07:00,2,25
global.js,39,js,b815d651,Sahra,2025-10-14,14:16:13,-07:00,2025-10-14T14:16:13-07:00,1,0
global.js,40,js,b815d651,Sahra,2025-10-14,14:16:13,-07:00,2025-10-14T14:16:13-07:00,1,12
global.js,41,js,0d7529c5,Sahra,2025-10-15,11:14:50,-07:00,2025-10-15T11:14:50-07:00,0,0
global.js,42,js,0d7529c5,Sahra,2025-10-15,11:14:50,-07:00,2025-10-15T11:14:50-07:00,0,0
global.js,43,js,4cc66596,Sahra,2025-10-21,17:46:49,-07:00,2025-10-21T17:46:49-07:00,0,40
global.js,44,js,0d7529c5,Sahra,2025-10-15,11:14:50,-07:00,2025-10-15T11:14:50-07:00,0,31
global.js,45,js,88040a64,Sahra,2025-10-21,17:41:26,-07:00,2025-10-21T17:41:26-07:00,1,11
global.js,46,js,88040a64,Sahra,2025-10-21,17:41:26,-07:00,2025-10-21T17:41:26-07:00,1,0
global.js,47,js,88040a64,Sahra,2025-10-21,17:41:26,-07:00,2025-10-21T17:41:26-07:00,1,26
global.js,48,js,88040a64,Sahra,2025-10-21,17:41:26,-07:00,2025-10-21T17:41:26-07:00,2,4
global.js,49,js,88040a64,Sahra,2025-10-21,17:41:26,-07:00,2025-10-21T17:41:26-07:00,2,24
global.js,50,js,88040a64,Sahra,2025-10-21,17:41:26,-07:00,2025-10-21T17:41:26-07:00,3,43
global.js,51,js,88040a64,Sahra,2025-10-21,17:41:26,-07:00,2025-10-21T17:41:26-07:00,3,34
global.js,52,js,88040a64,Sahra,2025-10-21,17:41:26,-07:00,2025-10-21T17:41:26-07:00,3,32
global.js,53,js,88040a64,Sahra,2025-10-21,17:41:26,-07:00,2025-10-21T17:41:26-07:00,2,7
global.js,54,js,88040a64,Sahra,2025-10-21,17:41:26,-07:00,2025-10-21T17:41:26-07:00,1,6
global.js,55,js,88040a64,Sahra,2025-10-21,17:41:26,-07:00,2025-10-21T17:41:26-07:00,0,0
global.js,56,js,88040a64,Sahra,2025-10-21,17:41:26,-07:00,2025-10-21T17:41:26-07:00,0,0
global.js,57,js,88040a64,Sahra,2025-10-21,17:41:26,-07:00,2025-10-21T17:41:26-07:00,0,0
global.js,58,js,88040a64,Sahra,2025-10-21,17:41:26,-07:00,2025-10-21T17:41:26-07:00,0,44
global.js,59,js,88040a64,Sahra,2025-10-21,17:41:26,-07:00,2025-10-21T17:41:26-07:00,0,19
global.js,60,js,88040a64,Sahra,2025-10-21,17:41:26,-07:00,2025-10-21T17:41:26-07:00,1,12
global.js,61,js,4cc66596,Sahra,2025-10-21,17:46:49,-07:00,2025-10-21T17:46:49-07:00,2,38
global.js,62,js,4cc66596,Sahra,2025-10-21,17:46:49,-07:00,2025-10-21T17:46:49-07:00,2,45
global.js,63,js,88040a64,Sahra,2025-10-21,17:41:26,-07:00,2025-10-21T17:41:26-07:00,1,0
global.js,64,js,88040a64,Sahra,2025-10-21,17:41:26,-07:00,2025-10-21T17:41:26-07:00,1,37
global.js,65,js,88040a64,Sahra,2025-10-21,17:41:26,-07:00,2025-10-21T17:41:26-07:00,0,0
global.js,66,js,88040a64,Sahra,2025-10-21,17:41:26,-07:00,2025-10-21T17:41:26-07:00,0,26
global.js,67,js,88040a64,Sahra,2025-10-21,17:41:26,-07:00,2025-10-21T17:41:26-07:00,0,0
global.js,68,js,88040a64,Sahra,2025-10-21,17:41:26,-07:00,2025-10-21T17:41:26-07:00,0,53
global.js,69,js,88040a64,Sahra,2025-10-21,17:41:26,-07:00,2025-10-21T17:41:26-07:00,0,36
global.js,70,js,88040a64,Sahra,2025-10-21,17:41:26,-07:00,2025-10-21T17:41:26-07:00,0,32
global.js,71,js,88040a64,Sahra,2025-10-21,17:41:26,-07:00,2025-10-21T17:41:26-07:00,0,62
global.js,72,js,88040a64,Sahra,2025-10-21,17:41:26,-07:00,2025-10-21T17:41:26-07:00,0,19
global.js,73,js,88040a64,Sahra,2025-10-21,17:41:26,-07:00,2025-10-21T17:41:26-07:00,0,44
global.js,74,js,88040a64,Sahra,2025-10-21,17:41:26,-07:00,2025-10-21T17:41:26-07:00,0,0
global.js,75,js,88040a64,Sahra,2025-10-21,17:41:26,-07:00,2025-10-21T17:41:26-07:00,0,39
global.js,76,js,4cc66596,Sahra,2025-10-21,17:46:49,-07:00,2025-10-21T17:46:49-07:00,1,28
global.js,77,js,88040a64,Sahra,2025-10-21,17:41:26,-07:00,2025-10-21T17:41:26-07:00,1,45
global.js,78,js,88040a64,Sahra,2025-10-21,17:41:26,-07:00,2025-10-21T17:41:26-07:00,1,40
global.js,79,js,88040a64,Sahra,2025-10-21,17:41:26,-07:00,2025-10-21T17:41:26-07:00,0,1
global.js,80,js,8e5d559c,Sahra,2025-10-15,15:30:46,-07:00,2025-10-15T15:30:46-07:00,0,0
global.js,81,js,4cc66596,Sahra,2025-10-21,17:46:49,-07:00,2025-10-21T17:46:49-07:00,0,55
global.js,82,js,88040a64,Sahra,2025-10-21,17:41:26,-07:00,2025-10-21T17:41:26-07:00,0,61
global.js,83,js,88040a64,Sahra,2025-10-21,17:41:26,-07:00,2025-10-21T17:41:26-07:00,0,43
global.js,84,js,88040a64,Sahra,2025-10-21,17:41:26,-07:00,2025-10-21T17:41:26-07:00,1,21
global.js,85,js,8e5d559c,Sahra,2025-10-15,15:30:46,-07:00,2025-10-15T15:30:46-07:00,1,30
global.js,86,js,8e5d559c,Sahra,2025-10-15,15:30:46,-07:00,2025-10-15T15:30:46-07:00,1,35
global.js,87,js,4cc66596,Sahra,2025-10-21,17:46:49,-07:00,2025-10-21T17:46:49-07:00,1,47
global.js,88,js,4cc66596,Sahra,2025-10-21,17:46:49,-07:00,2025-10-21T17:46:49-07:00,1,67
global.js,89,js,4cc66596,Sahra,2025-10-21,17:46:49,-07:00,2025-10-21T17:46:49-07:00,1,52
global.js,90,js,cc218fdf,Sahra,2025-10-21,14:06:02,-07:00,2025-10-21T14:06:02-07:00,0,1
global.js,91,js,cc218fdf,Sahra,2025-10-21,14:06:02,-07:00,2025-10-21T14:06:02-07:00,0,0
global.js,92,js,4cc66596,Sahra,2025-10-21,17:46:49,-07:00,2025-10-21T17:46:49-07:00,0,59
global.js,93,js,cc218fdf,Sahra,2025-10-21,14:06:02,-07:00,2025-10-21T14:06:02-07:00,0,30
global.js,94,js,88040a64,Sahra,2025-10-21,17:41:26,-07:00,2025-10-21T17:41:26-07:00,1,72
global.js,95,js,88040a64,Sahra,2025-10-21,17:41:26,-07:00,2025-10-21T17:41:26-07:00,1,43
global.js,96,js,88040a64,Sahra,2025-10-21,17:41:26,-07:00,2025-10-21T17:41:26-07:00,1,22
global.js,97,js,88040a64,Sahra,2025-10-21,17:41:26,-07:00,2025-10-21T17:41:26-07:00,0,0
global.js,98,js,88040a64,Sahra,2025-10-21,17:41:26,-07:00,2025-10-21T17:41:26-07:00,0,0
global.js,99,js,88040a64,Sahra,2025-10-21,17:41:26,-07:00,2025-10-21T17:41:26-07:00,0,36
global.js,100,js,88040a64,Sahra,2025-10-21,17:41:26,-07:00,2025-10-21T17:41:26-07:00,1,3
global.js,101,js,4cc66596,Sahra,2025-10-21,17:46:49,-07:00,2025-10-21T17:46:49-07:00,2,27
global.js,102,js,4cc66596,Sahra,2025-10-21,17:46:49,-07:00,2025-10-21T17:46:49-07:00,2,62
global.js,103,js,4cc66596,Sahra,2025-10-21,17:46:49,-07:00,2025-10-21T17:46:49-07:00,2,35
global.js,104,js,4cc66596,Sahra,2025-10-21,17:46:49,-07:00,2025-10-21T17:46:49-07:00,2,22
global.js,105,js,88040a64,Sahra,2025-10-21,17:41:26,-07:00,2025-10-21T17:41:26-07:00,1,13
global.js,106,js,4cc66596,Sahra,2025-10-21,17:46:49,-07:00,2025-10-21T17:46:49-07:00,2,37
global.js,107,js,4cc66596,Sahra,2025-10-21,17:46:49,-07:00,2025-10-21T17:46:49-07:00,2,10
global.js,108,js,cc218fdf,Sahra,2025-10-21,14:06:02,-07:00,2025-10-21T14:06:02-07:00,1,0
global.js,109,js,88040a64,Sahra,2025-10-21,17:41:26,-07:00,2025-10-21T17:41:26-07:00,0,0
global.js,110,js,88040a64,Sahra,2025-10-21,17:41:26,-07:00,2025-10-21T17:41:26-07:00,0,0
global.js,111,js,4cc66596,Sahra,2025-10-21,17:46:49,-07:00,2025-10-21T17:46:49-07:00,0,79
global.js,112,js,88040a64,Sahra,2025-10-21,17:41:26,-07:00,2025-10-21T17:41:26-07:00,0,79
global.js,113,js,4cc66596,Sahra,2025-10-21,17:46:49,-07:00,2025-10-21T17:46:49-07:00,1,56
global.js,114,js,88040a64,Sahra,2025-10-21,17:41:26,-07:00,2025-10-21T17:41:26-07:00,0,0
global.js,115,js,88040a64,Sahra,2025-10-21,17:41:26,-07:00,2025-10-21T17:41:26-07:00,1,30
global.js,116,js,88040a64,Sahra,2025-10-21,17:41:26,-07:00,2025-10-21T17:41:26-07:00,0,0
global.js,117,js,88040a64,Sahra,2025-10-21,17:41:26,-07:00,2025-10-21T17:41:26-07:00,1,31
global.js,118,js,88040a64,Sahra,2025-10-21,17:41:26,-07:00,2025-10-21T17:41:26-07:00,2,48
global.js,119,js,88040a64,Sahra,2025-10-21,17:41:26,-07:00,2025-10-21T17:41:26-07:00,0,0
global.js,120,js,88040a64,Sahra,2025-10-21,17:41:26,-07:00,2025-10-21T17:41:26-07:00,2,48
global.js,121,js,88040a64,Sahra,2025-10-21,17:41:26,-07:00,2025-10-21T17:41:26-07:00,2,31
global.js,122,js,4cc66596,Sahra,2025-10-21,17:46:49,-07:00,2025-10-21T17:46:49-07:00,2,80
global.js,123,js,88040a64,Sahra,2025-10-21,17:41:26,-07:00,2025-10-21T17:41:26-07:00,2,69
global.js,124,js,88040a64,Sahra,2025-10-21,17:41:26,-07:00,2025-10-21T17:41:26-07:00,0,0
global.js,125,js,88040a64,Sahra,2025-10-21,17:41:26,-07:00,2025-10-21T17:41:26-07:00,2,19
global.js,126,js,88040a64,Sahra,2025-10-21,17:41:26,-07:00,2025-10-21T17:41:26-07:00,3,41
global.js,127,js,88040a64,Sahra,2025-10-21,17:41:26,-07:00,2025-10-21T17:41:26-07:00,3,31
global.js,128,js,4cc66596,Sahra,2025-10-21,17:46:49,-07:00,2025-10-21T17:46:49-07:00,3,33
global.js,129,js,88040a64,Sahra,2025-10-21,17:41:26,-07:00,2025-10-21T17:41:26-07:00,3,32
global.js,130,js,88040a64,Sahra,2025-10-21,17:41:26,-07:00,2025-10-21T17:41:26-07:00,2,0
global.js,131,js,88040a64,Sahra,2025-10-21,17:41:26,-07:00,2025-10-21T17:41:26-07:00,0,0
global.js,132,js,88040a64,Sahra,2025-10-21,17:41:26,-07:00,2025-10-21T17:41:26-07:00,2,36
global.js,133,js,cd6d47c5,Sahra,2025-10-21,15:24:42,-07:00,2025-10-21T15:24:42-07:00,1,0
global.js,134,js,88040a64,Sahra,2025-10-21,17:41:26,-07:00,2025-10-21T17:41:26-07:00,0,0
global.js,135,js,88040a64,Sahra,2025-10-21,17:41:26,-07:00,2025-10-21T17:41:26-07:00,0,0
global.js,136,js,4cc66596,Sahra,2025-10-21,17:46:49,-07:00,2025-10-21T17:46:49-07:00,0,45
global.js,137,js,cd6d47c5,Sahra,2025-10-21,15:24:42,-07:00,2025-10-21T15:24:42-07:00,0,47
global.js,138,js,88040a64,Sahra,2025-10-21,17:41:26,-07:00,2025-10-21T17:41:26-07:00,1,59
global.js,139,js,88040a64,Sahra,2025-10-21,17:41:26,-07:00,2025-10-21T17:41:26-07:00,0,0
resume/index.html,1,html,29d26ded,Sahra,2025-10-06,18:08:31,-07:00,2025-10-06T18:08:31-07:00,0,13
resume/index.html,2,html,29d26ded,Sahra,2025-10-06,18:08:31,-07:00,2025-10-06T18:08:31-07:00,0,14
resume/index.html,3,html,29d26ded,Sahra,2025-10-06,18:08:31,-07:00,2025-10-06T18:08:31-07:00,0,4
resume/index.html,4,html,29d26ded,Sahra,2025-10-06,18:08:31,-07:00,2025-10-06T18:08:31-07:00,1,20
resume/index.html,5,html,29d26ded,Sahra,2025-10-06,18:08:31,-07:00,2025-10-06T18:08:31-07:00,1,68
resume/index.html,6,html,29d26ded,Sahra,2025-10-06,18:08:31,-07:00,2025-10-06T18:08:31-07:00,1,35
resume/index.html,7,html,29d26ded,Sahra,2025-10-06,18:08:31,-07:00,2025-10-06T18:08:31-07:00,1,41
resume/index.html,8,html,29d26ded,Sahra,2025-10-06,18:08:31,-07:00,2025-10-06T18:08:31-07:00,0,5
resume/index.html,9,html,29d26ded,Sahra,2025-10-06,18:08:31,-07:00,2025-10-06T18:08:31-07:00,0,4
resume/index.html,10,html,e6ba4404,Sahra,2025-10-08,13:50:09,-07:00,2025-10-08T13:50:09-07:00,1,22
resume/index.html,11,html,e6ba4404,Sahra,2025-10-08,13:50:09,-07:00,2025-10-08T13:50:09-07:00,1,0
resume/index.html,12,html,e6ba4404,Sahra,2025-10-08,13:50:09,-07:00,2025-10-08T13:50:09-07:00,2,6
resume/index.html,13,html,e6ba4404,Sahra,2025-10-08,13:50:09,-07:00,2025-10-08T13:50:09-07:00,3,20
resume/index.html,14,html,e6ba4404,Sahra,2025-10-08,13:50:09,-07:00,2025-10-08T13:50:09-07:00,3,60
resume/index.html,15,html,e6ba4404,Sahra,2025-10-08,13:50:09,-07:00,2025-10-08T13:50:09-07:00,2,7
resume/index.html,16,html,e6ba4404,Sahra,2025-10-08,13:50:09,-07:00,2025-10-08T13:50:09-07:00,1,0
resume/index.html,17,html,e6ba4404,Sahra,2025-10-08,13:50:09,-07:00,2025-10-08T13:50:09-07:00,2,7
resume/index.html,18,html,e6ba4404,Sahra,2025-10-08,13:50:09,-07:00,2025-10-08T13:50:09-07:00,3,16
resume/index.html,19,html,e6ba4404,Sahra,2025-10-08,13:50:09,-07:00,2025-10-08T13:50:09-07:00,3,7
resume/index.html,20,html,e6ba4404,Sahra,2025-10-08,13:50:09,-07:00,2025-10-08T13:50:09-07:00,4,61
resume/index.html,21,html,e6ba4404,Sahra,2025-10-08,13:50:09,-07:00,2025-10-08T13:50:09-07:00,4,98
resume/index.html,22,html,e6ba4404,Sahra,2025-10-08,13:50:09,-07:00,2025-10-08T13:50:09-07:00,4,45
resume/index.html,23,html,e6ba4404,Sahra,2025-10-08,13:50:09,-07:00,2025-10-08T13:50:09-07:00,3,8
resume/index.html,24,html,e6ba4404,Sahra,2025-10-08,13:50:09,-07:00,2025-10-08T13:50:09-07:00,1,0
resume/index.html,25,html,e6ba4404,Sahra,2025-10-08,13:50:09,-07:00,2025-10-08T13:50:09-07:00,3,7
resume/index.html,26,html,e6ba4404,Sahra,2025-10-08,13:50:09,-07:00,2025-10-08T13:50:09-07:00,4,68
resume/index.html,27,html,e6ba4404,Sahra,2025-10-08,13:50:09,-07:00,2025-10-08T13:50:09-07:00,4,89
resume/index.html,28,html,e6ba4404,Sahra,2025-10-08,13:50:09,-07:00,2025-10-08T13:50:09-07:00,4,26
resume/index.html,29,html,e6ba4404,Sahra,2025-10-08,13:50:09,-07:00,2025-10-08T13:50:09-07:00,3,8
resume/index.html,30,html,e6ba4404,Sahra,2025-10-08,13:50:09,-07:00,2025-10-08T13:50:09-07:00,1,0
resume/index.html,31,html,e6ba4404,Sahra,2025-10-08,13:50:09,-07:00,2025-10-08T13:50:09-07:00,3,7
resume/index.html,32,html,e6ba4404,Sahra,2025-10-08,13:50:09,-07:00,2025-10-08T13:50:09-07:00,4,76
resume/index.html,33,html,e6ba4404,Sahra,2025-10-08,13:50:09,-07:00,2025-10-08T13:50:09-07:00,4,89
resume/index.html,34,html,e6ba4404,Sahra,2025-10-08,13:50:09,-07:00,2025-10-08T13:50:09-07:00,4,26
resume/index.html,35,html,e6ba4404,Sahra,2025-10-08,13:50:09,-07:00,2025-10-08T13:50:09-07:00,3,8
resume/index.html,36,html,e6ba4404,Sahra,2025-10-08,13:50:09,-07:00,2025-10-08T13:50:09-07:00,1,0
resume/index.html,37,html,e6ba4404,Sahra,2025-10-08,13:50:09,-07:00,2025-10-08T13:50:09-07:00,3,80
resume/index.html,38,html,e6ba4404,Sahra,2025-10-08,13:50:09,-07:00,2025-10-08T13:50:09-07:00,2,8
resume/index.html,39,html,e6ba4404,Sahra,2025-10-08,13:50:09,-07:00,2025-10-08T13:50:09-07:00,1,0
resume/index.html,40,html,e6ba4404,Sahra,2025-10-08,13:50:09,-07:00,2025-10-08T13:50:09-07:00,2,7
resume/index.html,41,html,e6ba4404,Sahra,2025-10-08,13:50:09,-07:00,2025-10-08T13:50:09-07:00,3,30
resume/index.html,42,html,e6ba4404,Sahra,2025-10-08,13:50:09,-07:00,2025-10-08T13:50:09-07:00,1,0
resume/index.html,43,html,e6ba4404,Sahra,2025-10-08,13:50:09,-07:00,2025-10-08T13:50:09-07:00,3,7
resume/index.html,44,html,e6ba4404,Sahra,2025-10-08,13:50:09,-07:00,2025-10-08T13:50:09-07:00,4,48
resume/index.html,45,html,e6ba4404,Sahra,2025-10-08,13:50:09,-07:00,2025-10-08T13:50:09-07:00,4,88
resume/index.html,46,html,e6ba4404,Sahra,2025-10-08,13:50:09,-07:00,2025-10-08T13:50:09-07:00,4,2
resume/index.html,47,html,e6ba4404,Sahra,2025-10-08,13:50:09,-07:00,2025-10-08T13:50:09-07:00,5,128
resume/index.html,48,html,e6ba4404,Sahra,2025-10-08,13:50:09,-07:00,2025-10-08T13:50:09-07:00,5,105
resume/index.html,49,html,e6ba4404,Sahra,2025-10-08,13:50:09,-07:00,2025-10-08T13:50:09-07:00,5,96
resume/index.html,50,html,e6ba4404,Sahra,2025-10-08,13:50:09,-07:00,2025-10-08T13:50:09-07:00,5,128
resume/index.html,51,html,e6ba4404,Sahra,2025-10-08,13:50:09,-07:00,2025-10-08T13:50:09-07:00,5,127
resume/index.html,52,html,e6ba4404,Sahra,2025-10-08,13:50:09,-07:00,2025-10-08T13:50:09-07:00,4,3
resume/index.html,53,html,e6ba4404,Sahra,2025-10-08,13:50:09,-07:00,2025-10-08T13:50:09-07:00,3,8
resume/index.html,54,html,e6ba4404,Sahra,2025-10-08,13:50:09,-07:00,2025-10-08T13:50:09-07:00,1,0
resume/index.html,55,html,e6ba4404,Sahra,2025-10-08,13:50:09,-07:00,2025-10-08T13:50:09-07:00,3,7
resume/index.html,56,html,e6ba4404,Sahra,2025-10-08,13:50:09,-07:00,2025-10-08T13:50:09-07:00,4,60
resume/index.html,57,html,e6ba4404,Sahra,2025-10-08,13:50:09,-07:00,2025-10-08T13:50:09-07:00,4,88
resume/index.html,58,html,e6ba4404,Sahra,2025-10-08,13:50:09,-07:00,2025-10-08T13:50:09-07:00,4,2
resume/index.html,59,html,e6ba4404,Sahra,2025-10-08,13:50:09,-07:00,2025-10-08T13:50:09-07:00,5,103
resume/index.html,60,html,e6ba4404,Sahra,2025-10-08,13:50:09,-07:00,2025-10-08T13:50:09-07:00,5,102
resume/index.html,61,html,e6ba4404,Sahra,2025-10-08,13:50:09,-07:00,2025-10-08T13:50:09-07:00,4,3
resume/index.html,62,html,e6ba4404,Sahra,2025-10-08,13:50:09,-07:00,2025-10-08T13:50:09-07:00,3,8
resume/index.html,63,html,e6ba4404,Sahra,2025-10-08,13:50:09,-07:00,2025-10-08T13:50:09-07:00,1,0
resume/index.html,64,html,e6ba4404,Sahra,2025-10-08,13:50:09,-07:00,2025-10-08T13:50:09-07:00,3,7
resume/index.html,65,html,e6ba4404,Sahra,2025-10-08,13:50:09,-07:00,2025-10-08T13:50:09-07:00,4,64
resume/index.html,66,html,e6ba4404,Sahra,2025-10-08,13:50:09,-07:00,2025-10-08T13:50:09-07:00,4,88
resume/index.html,67,html,e6ba4404,Sahra,2025-10-08,13:50:09,-07:00,2025-10-08T13:50:09-07:00,4,2
resume/index.html,68,html,e6ba4404,Sahra,2025-10-08,13:50:09,-07:00,2025-10-08T13:50:09-07:00,5,114
resume/index.html,69,html,e6ba4404,Sahra,2025-10-08,13:50:09,-07:00,2025-10-08T13:50:09-07:00,5,95
resume/index.html,70,html,e6ba4404,Sahra,2025-10-08,13:50:09,-07:00,2025-10-08T13:50:09-07:00,4,3
resume/index.html,71,html,e6ba4404,Sahra,2025-10-08,13:50:09,-07:00,2025-10-08T13:50:09-07:00,3,8
resume/index.html,72,html,e6ba4404,Sahra,2025-10-08,13:50:09,-07:00,2025-10-08T13:50:09-07:00,1,0
resume/index.html,73,html,e6ba4404,Sahra,2025-10-08,13:50:09,-07:00,2025-10-08T13:50:09-07:00,3,7
resume/index.html,74,html,e6ba4404,Sahra,2025-10-08,13:50:09,-07:00,2025-10-08T13:50:09-07:00,4,61
resume/index.html,75,html,e6ba4404,Sahra,2025-10-08,13:50:09,-07:00,2025-10-08T13:50:09-07:00,4,88
resume/index.html,76,html,e6ba4404,Sahra,2025-10-08,13:50:09,-07:00,2025-10-08T13:50:09-07:00,4,2
resume/index.html,77,html,e6ba4404,Sahra,2025-10-08,13:50:09,-07:00,2025-10-08T13:50:09-07:00,5,103
resume/index.html,78,html,e6ba4404,Sahra,2025-10-08,13:50:09,-07:00,2025-10-08T13:50:09-07:00,4,3
resume/index.html,79,html,e6ba4404,Sahra,2025-10-08,13:50:09,-07:00,2025-10-08T13:50:09-07:00,3,8
resume/index.html,80,html,e6ba4404,Sahra,2025-10-08,13:50:09,-07:00,2025-10-08T13:50:09-07:00,2,8
resume/index.html,81,html,e6ba4404,Sahra,2025-10-08,13:50:09,-07:00,2025-10-08T13:50:09-07:00,1,0
resume/index.html,82,html,e6ba4404,Sahra,2025-10-08,13:50:09,-07:00,2025-10-08T13:50:09-07:00,2,7
resume/index.html,83,html,e6ba4404,Sahra,2025-10-08,13:50:09,-07:00,2025-10-08T13:50:09-07:00,3,23
resume/index.html,84,html,29d26ded,Sahra,2025-10-06,18:08:31,-07:00,2025-10-06T18:08:31-07:00,3,2
resume/index.html,85,html,e6ba4404,Sahra,2025-10-08,13:50:09,-07:00,2025-10-08T13:50:09-07:00,4,48
resume/index.html,86,html,e6ba4404,Sahra,2025-10-08,13:50:09,-07:00,2025-10-08T13:50:09-07:00,4,92
resume/index.html,87,html,e6ba4404,Sahra,2025-10-08,13:50:09,-07:00,2025-10-08T13:50:09-07:00,4,69
resume/index.html,88,html,e6ba4404,Sahra,2025-10-08,13:50:09,-07:00,2025-10-08T13:50:09-07:00,4,61
resume/index.html,89,html,e6ba4404,Sahra,2025-10-08,13:50:09,-07:00,2025-10-08T13:50:09-07:00,4,74
resume/index.html,90,html,e6ba4404,Sahra,2025-10-08,13:50:09,-07:00,2025-10-08T13:50:09-07:00,4,53
resume/index.html,91,html,e6ba4404,Sahra,2025-10-08,13:50:09,-07:00,2025-10-08T13:50:09-07:00,4,48
resume/index.html,92,html,29d26ded,Sahra,2025-10-06,18:08:31,-07:00,2025-10-06T18:08:31-07:00,3,3
resume/index.html,93,html,e6ba4404,Sahra,2025-10-08,13:50:09,-07:00,2025-10-08T13:50:09-07:00,2,8
resume/index.html,94,html,e6ba4404,Sahra,2025-10-08,13:50:09,-07:00,2025-10-08T13:50:09-07:00,1,5
resume/index.html,95,html,b815d651,Sahra,2025-10-14,14:16:13,-07:00,2025-10-14T14:16:13-07:00,1,48
resume/index.html,96,html,29d26ded,Sahra,2025-10-06,18:08:31,-07:00,2025-10-06T18:08:31-07:00,0,5
resume/index.html,97,html,29d26ded,Sahra,2025-10-06,18:08:31,-07:00,2025-10-06T18:08:31-07:00,0,5
projects/projects.js,1,js,f5aace01,Sahra,2025-10-27,14:44:51,-07:00,2025-10-27T14:44:51-07:00,0,63
projects/projects.js,2,js,f5aace01,Sahra,2025-10-27,14:44:51,-07:00,2025-10-27T14:44:51-07:00,0,65
projects/projects.js,3,js,cc218fdf,Sahra,2025-10-21,14:06:02,-07:00,2025-10-21T14:06:02-07:00,0,0
projects/projects.js,4,js,61f9d364,Sahra,2025-10-28,11:15:29,-07:00,2025-10-28T11:15:29-07:00,0,47
projects/projects.js,5,js,61f9d364,Sahra,2025-10-28,11:15:29,-07:00,2025-10-28T11:15:29-07:00,0,66
projects/projects.js,6,js,61f9d364,Sahra,2025-10-28,11:15:29,-07:00,2025-10-28T11:15:29-07:00,0,0
projects/projects.js,7,js,61f9d364,Sahra,2025-10-28,11:15:29,-07:00,2025-10-28T11:15:29-07:00,0,12
projects/projects.js,8,js,aff9b122,Sahra,2025-10-28,11:52:06,-07:00,2025-10-28T11:52:06-07:00,0,49
projects/projects.js,9,js,aff9b122,Sahra,2025-10-28,11:52:06,-07:00,2025-10-28T11:52:06-07:00,0,42
projects/projects.js,10,js,aff9b122,Sahra,2025-10-28,11:52:06,-07:00,2025-10-28T11:52:06-07:00,0,62
projects/projects.js,11,js,aff9b122,Sahra,2025-10-28,11:52:06,-07:00,2025-10-28T11:52:06-07:00,0,63
projects/projects.js,12,js,aff9b122,Sahra,2025-10-28,11:52:06,-07:00,2025-10-28T11:52:06-07:00,0,58
projects/projects.js,13,js,cc218fdf,Sahra,2025-10-21,14:06:02,-07:00,2025-10-21T14:06:02-07:00,0,0
projects/projects.js,14,js,61f9d364,Sahra,2025-10-28,11:15:29,-07:00,2025-10-28T11:15:29-07:00,0,20
projects/projects.js,15,js,aff9b122,Sahra,2025-10-28,11:52:06,-07:00,2025-10-28T11:52:06-07:00,0,62
projects/projects.js,16,js,f80c62ee,Sahra,2025-10-27,19:13:37,-07:00,2025-10-27T19:13:37-07:00,0,0
projects/projects.js,17,js,aff9b122,Sahra,2025-10-28,11:52:06,-07:00,2025-10-28T11:52:06-07:00,0,52
projects/projects.js,18,js,aff9b122,Sahra,2025-10-28,11:52:06,-07:00,2025-10-28T11:52:06-07:00,0,57
projects/projects.js,19,js,aff9b122,Sahra,2025-10-28,11:52:06,-07:00,2025-10-28T11:52:06-07:00,0,56
projects/projects.js,20,js,61f9d364,Sahra,2025-10-28,11:15:29,-07:00,2025-10-28T11:15:29-07:00,0,0
projects/projects.js,21,js,aff9b122,Sahra,2025-10-28,11:52:06,-07:00,2025-10-28T11:52:06-07:00,0,21
projects/projects.js,22,js,aff9b122,Sahra,2025-10-28,11:52:06,-07:00,2025-10-28T11:52:06-07:00,0,48
projects/projects.js,23,js,aff9b122,Sahra,2025-10-28,11:52:06,-07:00,2025-10-28T11:52:06-07:00,0,52
projects/projects.js,24,js,aff9b122,Sahra,2025-10-28,11:52:06,-07:00,2025-10-28T11:52:06-07:00,0,59
projects/projects.js,25,js,61f9d364,Sahra,2025-10-28,11:15:29,-07:00,2025-10-28T11:15:29-07:00,0,0
projects/projects.js,26,js,aff9b122,Sahra,2025-10-28,11:52:06,-07:00,2025-10-28T11:52:06-07:00,0,45
projects/projects.js,27,js,61f9d364,Sahra,2025-10-28,11:15:29,-07:00,2025-10-28T11:15:29-07:00,0,0
projects/projects.js,28,js,aff9b122,Sahra,2025-10-28,11:52:06,-07:00,2025-10-28T11:52:06-07:00,0,74
projects/projects.js,29,js,61f9d364,Sahra,2025-10-28,11:15:29,-07:00,2025-10-28T11:15:29-07:00,0,29
projects/projects.js,30,js,aff9b122,Sahra,2025-10-28,11:52:06,-07:00,2025-10-28T11:52:06-07:00,1,49
projects/projects.js,31,js,61f9d364,Sahra,2025-10-28,11:15:29,-07:00,2025-10-28T11:15:29-07:00,1,36
projects/projects.js,32,js,61f9d364,Sahra,2025-10-28,11:15:29,-07:00,2025-10-28T11:15:29-07:00,2,55
projects/projects.js,33,js,61f9d364,Sahra,2025-10-28,11:15:29,-07:00,2025-10-28T11:15:29-07:00,1,0
projects/projects.js,34,js,aff9b122,Sahra,2025-10-28,11:52:06,-07:00,2025-10-28T11:52:06-07:00,1,50
projects/projects.js,35,js,aff9b122,Sahra,2025-10-28,11:52:06,-07:00,2025-10-28T11:52:06-07:00,1,26
projects/projects.js,36,js,aff9b122,Sahra,2025-10-28,11:52:06,-07:00,2025-10-28T11:52:06-07:00,2,71
projects/projects.js,37,js,61f9d364,Sahra,2025-10-28,11:15:29,-07:00,2025-10-28T11:15:29-07:00,1,0
projects/projects.js,38,js,61f9d364,Sahra,2025-10-28,11:15:29,-07:00,2025-10-28T11:15:29-07:00,1,14
projects/projects.js,39,js,f80c62ee,Sahra,2025-10-27,19:13:37,-07:00,2025-10-27T19:13:37-07:00,0,0
projects/projects.js,40,js,f5aace01,Sahra,2025-10-27,14:44:51,-07:00,2025-10-27T14:44:51-07:00,0,0
projects/projects.js,41,js,aff9b122,Sahra,2025-10-28,11:52:06,-07:00,2025-10-28T11:52:06-07:00,0,51
projects/projects.js,42,js,aff9b122,Sahra,2025-10-28,11:52:06,-07:00,2025-10-28T11:52:06-07:00,0,31
projects/projects.js,43,js,61f9d364,Sahra,2025-10-28,11:15:29,-07:00,2025-10-28T11:15:29-07:00,1,16
projects/projects.js,44,js,61f9d364,Sahra,2025-10-28,11:15:29,-07:00,2025-10-28T11:15:29-07:00,2,7
projects/projects.js,45,js,61f9d364,Sahra,2025-10-28,11:15:29,-07:00,2025-10-28T11:15:29-07:00,2,12
projects/projects.js,46,js,61f9d364,Sahra,2025-10-28,11:15:29,-07:00,2025-10-28T11:15:29-07:00,2,9
projects/projects.js,47,js,aff9b122,Sahra,2025-10-28,11:52:06,-07:00,2025-10-28T11:52:06-07:00,1,65
projects/projects.js,48,js,61f9d364,Sahra,2025-10-28,11:15:29,-07:00,2025-10-28T11:15:29-07:00,0,0
projects/projects.js,49,js,f5aace01,Sahra,2025-10-27,14:44:51,-07:00,2025-10-27T14:44:51-07:00,0,0
projects/projects.js,50,js,aff9b122,Sahra,2025-10-28,11:52:06,-07:00,2025-10-28T11:52:06-07:00,0,75
projects/projects.js,51,js,aff9b122,Sahra,2025-10-28,11:52:06,-07:00,2025-10-28T11:52:06-07:00,0,37
projects/projects.js,52,js,aff9b122,Sahra,2025-10-28,11:52:06,-07:00,2025-10-28T11:52:06-07:00,1,40
projects/projects.js,53,js,aff9b122,Sahra,2025-10-28,11:52:06,-07:00,2025-10-28T11:52:06-07:00,1,52
projects/projects.js,54,js,61f9d364,Sahra,2025-10-28,11:15:29,-07:00,2025-10-28T11:15:29-07:00,0,0
projects/projects.js,55,js,aff9b122,Sahra,2025-10-28,11:52:06,-07:00,2025-10-28T11:52:06-07:00,1,12
projects/projects.js,56,js,aff9b122,Sahra,2025-10-28,11:52:06,-07:00,2025-10-28T11:52:06-07:00,1,75
projects/projects.js,57,js,61f9d364,Sahra,2025-10-28,11:15:29,-07:00,2025-10-28T11:15:29-07:00,1,20
projects/projects.js,58,js,61f9d364,Sahra,2025-10-28,11:15:29,-07:00,2025-10-28T11:15:29-07:00,0,0
projects/projects.js,59,js,61f9d364,Sahra,2025-10-28,11:15:29,-07:00,2025-10-28T11:15:29-07:00,1,3
projects/projects.js,60,js,aff9b122,Sahra,2025-10-28,11:52:06,-07:00,2025-10-28T11:52:06-07:00,2,21
projects/projects.js,61,js,aff9b122,Sahra,2025-10-28,11:52:06,-07:00,2025-10-28T11:52:06-07:00,3,11
projects/projects.js,62,js,aff9b122,Sahra,2025-10-28,11:52:06,-07:00,2025-10-28T11:52:06-07:00,3,13
projects/projects.js,63,js,aff9b122,Sahra,2025-10-28,11:52:06,-07:00,2025-10-28T11:52:06-07:00,3,35
projects/projects.js,64,js,aff9b122,Sahra,2025-10-28,11:52:06,-07:00,2025-10-28T11:52:06-07:00,3,28
projects/projects.js,65,js,aff9b122,Sahra,2025-10-28,11:52:06,-07:00,2025-10-28T11:52:06-07:00,3,83
projects/projects.js,66,js,aff9b122,Sahra,2025-10-28,11:52:06,-07:00,2025-10-28T11:52:06-07:00,3,25
projects/projects.js,67,js,aff9b122,Sahra,2025-10-28,11:52:06,-07:00,2025-10-28T11:52:06-07:00,3,26
projects/projects.js,68,js,aff9b122,Sahra,2025-10-28,11:52:06,-07:00,2025-10-28T11:52:06-07:00,4,29
projects/projects.js,69,js,aff9b122,Sahra,2025-10-28,11:52:06,-07:00,2025-10-28T11:52:06-07:00,4,62
projects/projects.js,70,js,aff9b122,Sahra,2025-10-28,11:52:06,-07:00,2025-10-28T11:52:06-07:00,4,17
projects/projects.js,71,js,aff9b122,Sahra,2025-10-28,11:52:06,-07:00,2025-10-28T11:52:06-07:00,3,1
projects/projects.js,72,js,aff9b122,Sahra,2025-10-28,11:52:06,-07:00,2025-10-28T11:52:06-07:00,0,0
projects/projects.js,73,js,aff9b122,Sahra,2025-10-28,11:52:06,-07:00,2025-10-28T11:52:06-07:00,1,15
projects/projects.js,74,js,aff9b122,Sahra,2025-10-28,11:52:06,-07:00,2025-10-28T11:52:06-07:00,1,65
projects/projects.js,75,js,aff9b122,Sahra,2025-10-28,11:52:06,-07:00,2025-10-28T11:52:06-07:00,1,20
projects/projects.js,76,js,aff9b122,Sahra,2025-10-28,11:52:06,-07:00,2025-10-28T11:52:06-07:00,0,0
projects/projects.js,77,js,aff9b122,Sahra,2025-10-28,11:52:06,-07:00,2025-10-28T11:52:06-07:00,1,30
projects/projects.js,78,js,61f9d364,Sahra,2025-10-28,11:15:29,-07:00,2025-10-28T11:15:29-07:00,2,11
projects/projects.js,79,js,aff9b122,Sahra,2025-10-28,11:52:06,-07:00,2025-10-28T11:52:06-07:00,2,35
projects/projects.js,80,js,61f9d364,Sahra,2025-10-28,11:15:29,-07:00,2025-10-28T11:15:29-07:00,2,25
projects/projects.js,81,js,aff9b122,Sahra,2025-10-28,11:52:06,-07:00,2025-10-28T11:52:06-07:00,2,26
projects/projects.js,82,js,aff9b122,Sahra,2025-10-28,11:52:06,-07:00,2025-10-28T11:52:06-07:00,3,24
projects/projects.js,83,js,aff9b122,Sahra,2025-10-28,11:52:06,-07:00,2025-10-28T11:52:06-07:00,3,64
projects/projects.js,84,js,61f9d364,Sahra,2025-10-28,11:15:29,-07:00,2025-10-28T11:15:29-07:00,3,17
projects/projects.js,85,js,61f9d364,Sahra,2025-10-28,11:15:29,-07:00,2025-10-28T11:15:29-07:00,2,1
projects/projects.js,86,js,61f9d364,Sahra,2025-10-28,11:15:29,-07:00,2025-10-28T11:15:29-07:00,0,0
projects/projects.js,87,js,aff9b122,Sahra,2025-10-28,11:52:06,-07:00,2025-10-28T11:52:06-07:00,1,20
projects/projects.js,88,js,61f9d364,Sahra,2025-10-28,11:15:29,-07:00,2025-10-28T11:15:29-07:00,2,26
projects/projects.js,89,js,61f9d364,Sahra,2025-10-28,11:15:29,-07:00,2025-10-28T11:15:29-07:00,2,51
projects/projects.js,90,js,61f9d364,Sahra,2025-10-28,11:15:29,-07:00,2025-10-28T11:15:29-07:00,1,1
projects/projects.js,91,js,61f9d364,Sahra,2025-10-28,11:15:29,-07:00,2025-10-28T11:15:29-07:00,0,0
projects/projects.js,92,js,aff9b122,Sahra,2025-10-28,11:52:06,-07:00,2025-10-28T11:52:06-07:00,1,21
projects/projects.js,93,js,aff9b122,Sahra,2025-10-28,11:52:06,-07:00,2025-10-28T11:52:06-07:00,2,79
projects/projects.js,94,js,61f9d364,Sahra,2025-10-28,11:15:29,-07:00,2025-10-28T11:15:29-07:00,0,0
projects/projects.js,95,js,61f9d364,Sahra,2025-10-28,11:15:29,-07:00,2025-10-28T11:15:29-07:00,0,0
projects/projects.js,96,js,aff9b122,Sahra,2025-10-28,11:52:06,-07:00,2025-10-28T11:52:06-07:00,0,29
projects/projects.js,97,js,61f9d364,Sahra,2025-10-28,11:15:29,-07:00,2025-10-28T11:15:29-07:00,0,30
projects/projects.js,98,js,aff9b122,Sahra,2025-10-28,11:52:06,-07:00,2025-10-28T11:52:06-07:00,1,41
projects/projects.js,99,js,61f9d364,Sahra,2025-10-28,11:15:29,-07:00,2025-10-28T11:15:29-07:00,0,0
projects/projects.js,100,js,61f9d364,Sahra,2025-10-28,11:15:29,-07:00,2025-10-28T11:15:29-07:00,0,0
projects/projects.js,101,js,aff9b122,Sahra,2025-10-28,11:52:06,-07:00,2025-10-28T11:52:06-07:00,0,72
projects/projects.js,102,js,61f9d364,Sahra,2025-10-28,11:15:29,-07:00,2025-10-28T11:15:29-07:00,0,27
projects/projects.js,103,js,aff9b122,Sahra,2025-10-28,11:52:06,-07:00,2025-10-28T11:52:06-07:00,1,35
projects/projects.js,104,js,aff9b122,Sahra,2025-10-28,11:52:06,-07:00,2025-10-28T11:52:06-07:00,1,65
projects/projects.js,105,js,aff9b122,Sahra,2025-10-28,11:52:06,-07:00,2025-10-28T11:52:06-07:00,1,73
projects/projects.js,106,js,61f9d364,Sahra,2025-10-28,11:15:29,-07:00,2025-10-28T11:15:29-07:00,0,0
projects/projects.js,107,js,61f9d364,Sahra,2025-10-28,11:15:29,-07:00,2025-10-28T11:15:29-07:00,0,0
projects/projects.js,108,js,aff9b122,Sahra,2025-10-28,11:52:06,-07:00,2025-10-28T11:52:06-07:00,0,60
projects/projects.js,109,js,aff9b122,Sahra,2025-10-28,11:52:06,-07:00,2025-10-28T11:52:06-07:00,0,47
projects/projects.js,110,js,61f9d364,Sahra,2025-10-28,11:15:29,-07:00,2025-10-28T11:15:29-07:00,1,50
projects/projects.js,111,js,61f9d364,Sahra,2025-10-28,11:15:29,-07:00,2025-10-28T11:15:29-07:00,1,17
projects/projects.js,112,js,61f9d364,Sahra,2025-10-28,11:15:29,-07:00,2025-10-28T11:15:29-07:00,0,1
projects/projects.js,113,js,61f9d364,Sahra,2025-10-28,11:15:29,-07:00,2025-10-28T11:15:29-07:00,0,0
projects/projects.js,114,js,aff9b122,Sahra,2025-10-28,11:52:06,-07:00,2025-10-28T11:52:06-07:00,0,51
projects/projects.js,115,js,61f9d364,Sahra,2025-10-28,11:15:29,-07:00,2025-10-28T11:15:29-07:00,0,17
projects/index.html,1,html,61f9d364,Sahra,2025-10-28,11:15:29,-07:00,2025-10-28T11:15:29-07:00,0,13
projects/index.html,2,html,29d26ded,Sahra,2025-10-06,18:08:31,-07:00,2025-10-06T18:08:31-07:00,0,14
projects/index.html,3,html,29d26ded,Sahra,2025-10-06,18:08:31,-07:00,2025-10-06T18:08:31-07:00,0,4
projects/index.html,4,html,61f9d364,Sahra,2025-10-28,11:15:29,-07:00,2025-10-28T11:15:29-07:00,1,22
projects/index.html,5,html,61f9d364,Sahra,2025-10-28,11:15:29,-07:00,2025-10-28T11:15:29-07:00,1,68
projects/index.html,6,html,61f9d364,Sahra,2025-10-28,11:15:29,-07:00,2025-10-28T11:15:29-07:00,1,37
projects/index.html,7,html,61f9d364,Sahra,2025-10-28,11:15:29,-07:00,2025-10-28T11:15:29-07:00,1,43
projects/index.html,8,html,29d26ded,Sahra,2025-10-06,18:08:31,-07:00,2025-10-06T18:08:31-07:00,0,5
projects/index.html,9,html,29d26ded,Sahra,2025-10-06,18:08:31,-07:00,2025-10-06T18:08:31-07:00,0,4
projects/index.html,10,html,61f9d364,Sahra,2025-10-28,11:15:29,-07:00,2025-10-28T11:15:29-07:00,1,52
projects/index.html,11,html,61f9d364,Sahra,2025-10-28,11:15:29,-07:00,2025-10-28T11:15:29-07:00,1,51
projects/index.html,12,html,61f9d364,Sahra,2025-10-28,11:15:29,-07:00,2025-10-28T11:15:29-07:00,0,0
projects/index.html,13,html,e6ba4404,Sahra,2025-10-08,13:50:09,-07:00,2025-10-08T13:50:09-07:00,1,22
projects/index.html,14,html,61f9d364,Sahra,2025-10-28,11:15:29,-07:00,2025-10-28T11:15:29-07:00,2,53
projects/index.html,15,html,163dfe36,Sahra,2025-10-27,17:27:47,-07:00,2025-10-27T17:27:47-07:00,0,0
projects/index.html,16,html,f5aace01,Sahra,2025-10-27,14:44:51,-07:00,2025-10-27T14:44:51-07:00,2,27
projects/index.html,17,html,61f9d364,Sahra,2025-10-28,11:15:29,-07:00,2025-10-28T11:15:29-07:00,3,43
projects/index.html,18,html,163dfe36,Sahra,2025-10-27,17:27:47,-07:00,2025-10-27T17:27:47-07:00,3,3
projects/index.html,19,html,61f9d364,Sahra,2025-10-28,11:15:29,-07:00,2025-10-28T11:15:29-07:00,4,16
projects/index.html,20,html,61f9d364,Sahra,2025-10-28,11:15:29,-07:00,2025-10-28T11:15:29-07:00,4,72
projects/index.html,21,html,61f9d364,Sahra,2025-10-28,11:15:29,-07:00,2025-10-28T11:15:29-07:00,5,56
projects/index.html,22,html,61f9d364,Sahra,2025-10-28,11:15:29,-07:00,2025-10-28T11:15:29-07:00,0,0
projects/index.html,23,html,61f9d364,Sahra,2025-10-28,11:15:29,-07:00,2025-10-28T11:15:29-07:00,4,22
projects/index.html,24,html,61f9d364,Sahra,2025-10-28,11:15:29,-07:00,2025-10-28T11:15:29-07:00,4,56
projects/index.html,25,html,61f9d364,Sahra,2025-10-28,11:15:29,-07:00,2025-10-28T11:15:29-07:00,0,0
projects/index.html,26,html,61f9d364,Sahra,2025-10-28,11:15:29,-07:00,2025-10-28T11:15:29-07:00,4,22
projects/index.html,27,html,61f9d364,Sahra,2025-10-28,11:15:29,-07:00,2025-10-28T11:15:29-07:00,4,4
projects/index.html,28,html,61f9d364,Sahra,2025-10-28,11:15:29,-07:00,2025-10-28T11:15:29-07:00,5,15
projects/index.html,29,html,61f9d364,Sahra,2025-10-28,11:15:29,-07:00,2025-10-28T11:15:29-07:00,5,11
projects/index.html,30,html,61f9d364,Sahra,2025-10-28,11:15:29,-07:00,2025-10-28T11:15:29-07:00,5,31
projects/index.html,31,html,61f9d364,Sahra,2025-10-28,11:15:29,-07:00,2025-10-28T11:15:29-07:00,5,26
projects/index.html,32,html,61f9d364,Sahra,2025-10-28,11:15:29,-07:00,2025-10-28T11:15:29-07:00,4,0
projects/index.html,33,html,163dfe36,Sahra,2025-10-27,17:27:47,-07:00,2025-10-27T17:27:47-07:00,3,4
projects/index.html,34,html,163dfe36,Sahra,2025-10-27,17:27:47,-07:00,2025-10-27T17:27:47-07:00,0,0
projects/index.html,35,html,163dfe36,Sahra,2025-10-27,17:27:47,-07:00,2025-10-27T17:27:47-07:00,3,34
projects/index.html,36,html,61f9d364,Sahra,2025-10-28,11:15:29,-07:00,2025-10-28T11:15:29-07:00,3,50
projects/index.html,37,html,f5aace01,Sahra,2025-10-27,14:44:51,-07:00,2025-10-27T14:44:51-07:00,2,4
projects/index.html,38,html,e6ba4404,Sahra,2025-10-08,13:50:09,-07:00,2025-10-08T13:50:09-07:00,1,5
projects/index.html,39,html,163dfe36,Sahra,2025-10-27,17:27:47,-07:00,2025-10-27T17:27:47-07:00,0,0
projects/index.html,40,html,61f9d364,Sahra,2025-10-28,11:15:29,-07:00,2025-10-28T11:15:29-07:00,1,49
projects/index.html,41,html,61f9d364,Sahra,2025-10-28,11:15:29,-07:00,2025-10-28T11:15:29-07:00,1,34
projects/index.html,42,html,29d26ded,Sahra,2025-10-06,18:08:31,-07:00,2025-10-06T18:08:31-07:00,0,5
projects/index.html,43,html,163dfe36,Sahra,2025-10-27,17:27:47,-07:00,2025-10-27T17:27:47-07:00,0,5
contact/index.html,1,html,29d26ded,Sahra,2025-10-06,18:08:31,-07:00,2025-10-06T18:08:31-07:00,0,13
contact/index.html,2,html,29d26ded,Sahra,2025-10-06,18:08:31,-07:00,2025-10-06T18:08:31-07:00,0,14
contact/index.html,3,html,29d26ded,Sahra,2025-10-06,18:08:31,-07:00,2025-10-06T18:08:31-07:00,0,4
contact/index.html,4,html,29d26ded,Sahra,2025-10-06,18:08:31,-07:00,2025-10-06T18:08:31-07:00,1,20
contact/index.html,5,html,29d26ded,Sahra,2025-10-06,18:08:31,-07:00,2025-10-06T18:08:31-07:00,1,68
contact/index.html,6,html,29d26ded,Sahra,2025-10-06,18:08:31,-07:00,2025-10-06T18:08:31-07:00,1,36
contact/index.html,7,html,29d26ded,Sahra,2025-10-06,18:08:31,-07:00,2025-10-06T18:08:31-07:00,1,41
contact/index.html,8,html,29d26ded,Sahra,2025-10-06,18:08:31,-07:00,2025-10-06T18:08:31-07:00,0,5
contact/index.html,9,html,29d26ded,Sahra,2025-10-06,18:08:31,-07:00,2025-10-06T18:08:31-07:00,0,4
contact/index.html,10,html,e6ba4404,Sahra,2025-10-08,13:50:09,-07:00,2025-10-08T13:50:09-07:00,1,22
contact/index.html,11,html,e6ba4404,Sahra,2025-10-08,13:50:09,-07:00,2025-10-08T13:50:09-07:00,1,0
contact/index.html,12,html,e6ba4404,Sahra,2025-10-08,13:50:09,-07:00,2025-10-08T13:50:09-07:00,2,14
contact/index.html,13,html,8e5d559c,Sahra,2025-10-15,15:30:46,-07:00,2025-10-15T15:30:46-07:00,0,0
contact/index.html,14,html,8e5d559c,Sahra,2025-10-15,15:30:46,-07:00,2025-10-15T15:30:46-07:00,2,53
contact/index.html,15,html,e6ba4404,Sahra,2025-10-08,13:50:09,-07:00,2025-10-08T13:50:09-07:00,3,5
contact/index.html,16,html,e6ba4404,Sahra,2025-10-08,13:50:09,-07:00,2025-10-08T13:50:09-07:00,4,6
contact/index.html,17,html,8e5d559c,Sahra,2025-10-15,15:30:46,-07:00,2025-10-15T15:30:46-07:00,4,29
contact/index.html,18,html,e6ba4404,Sahra,2025-10-08,13:50:09,-07:00,2025-10-08T13:50:09-07:00,3,6
contact/index.html,19,html,8e5d559c,Sahra,2025-10-15,15:30:46,-07:00,2025-10-15T15:30:46-07:00,2,0
contact/index.html,20,html,e6ba4404,Sahra,2025-10-08,13:50:09,-07:00,2025-10-08T13:50:09-07:00,3,5
contact/index.html,21,html,8e5d559c,Sahra,2025-10-15,15:30:46,-07:00,2025-10-15T15:30:46-07:00,4,6
contact/index.html,22,html,8e5d559c,Sahra,2025-10-15,15:30:46,-07:00,2025-10-15T15:30:46-07:00,4,49
contact/index.html,23,html,e6ba4404,Sahra,2025-10-08,13:50:09,-07:00,2025-10-08T13:50:09-07:00,3,6
contact/index.html,24,html,8e5d559c,Sahra,2025-10-15,15:30:46,-07:00,2025-10-15T15:30:46-07:00,2,0
contact/index.html,25,html,8e5d559c,Sahra,2025-10-15,15:30:46,-07:00,2025-10-15T15:30:46-07:00,3,33
contact/index.html,26,html,e6ba4404,Sahra,2025-10-08,13:50:09,-07:00,2025-10-08T13:50:09-07:00,2,5
contact/index.html,27,html,e6ba4404,Sahra,2025-10-08,13:50:09,-07:00,2025-10-08T13:50:09-07:00,1,5
contact/index.html,28,html,b815d651,Sahra,2025-10-14,14:16:13,-07:00,2025-10-14T14:16:13-07:00,1,48
contact/index.html,29,html,29d26ded,Sahra,2025-10-06,18:08:31,-07:00,2025-10-06T18:08:31-07:00,0,5
contact/index.html,30,html,29d26ded,Sahra,2025-10-06,18:08:31,-07:00,2025-10-06T18:08:31-07:00,0,5
